"city";"country";"nbArtists"
"rio de janeiro";"brazil";"47"
"los angeles";"united states";"44"
"berlin";"germany";"35"
"chicago";"united states";"34"
"brooklyn";"united states";"29"
"toronto";"canada";"24"
"london";"united kingdom";"24"
"philadelphia";"united states";"24"
"new orleans";"united states";"22"
"hamburg";"germany";"20"
"detroit";"united states";"20"
"the bronx";"united states";"19"
"atlanta";"united states";"19"
"houston";"united states";"17"
"paris";"france";"16"
"memphis";"united states";"14"
"boston";"united states";"14"
"montreal";"canada";"13"
"stockholm";"sweden";"13"
"são paulo";"brazil";"13"
"san francisco";"united states";"12"
"harlem";"united states";"11"
"dallas";"united states";"10"
"cleveland";"united states";"10"
"fort worth";"united states";"10"
"nashville";"united states";"10"
"seattle";"united states";"10"
"newark";"united states";"9"
"kansas city";"united states";"9"
"helsinki";"finland";"9"
"cologne";"germany";"9"
"manhattan";"united states";"8"
"liverpool";"united kingdom";"8"
"winnipeg";"canada";"7"
"glasgow";"united kingdom";"7"
"salvador";"brazil";"7"
"new york";"united states";"7"
"miami";"united states";"7"
"pittsburgh";"united states";"7"
"rome";"italy";"7"
"sydney";"australia";"6"
"compton";"united states";"6"
"st. louis";"united states";"6"
"melbourne";"australia";"6"
"london";"united states";"6"
"tulsa";"united states";"6"
"jacksonville";"united states";"6"
"columbus";"united states";"5"
"clarksdale";"united states";"5"
"gary";"united states";"5"
"jackson";"united states";"5"
"akron";"united states";"5"
"san antonio";"united states";"5"
"birmingham";"united states";"5"
"baltimore";"united states";"5"
"buenos aires";"argentina";"5"
"kingston";"jamaica";"5"
"bristol";"united kingdom";"5"
"munich";"germany";"5"
"edinburgh";"united kingdom";"5"
"richmond";"united states";"5"
"hamilton";"canada";"5"
"buffalo";"united states";"4"
"cincinnati";"united states";"4"
"milwaukee";"united states";"4"
"gothenburg";"sweden";"4"
"honolulu";"united states";"4"
"indianapolis";"united states";"4"
"düsseldorf";"germany";"4"
"porto alegre";"brazil";"4"
"chapel hill";"united states";"4"
"louisville";"united states";"4"
"madrid";"spain";"4"
"hammersmith";"united kingdom";"4"
"halifax";"canada";"4"
"louisiana";"united states";"4"
"ottawa";"canada";"4"
"oakland";"united states";"4"
"omaha";"united states";"4"
"phoenix";"united states";"4"
"queens";"united states";"4"
"austin";"united states";"4"
"newton";"united states";"4"
"long beach";"united states";"4"
"brownsville";"united states";"4"
"birmingham";"united kingdom";"4"
"albany";"united states";"3"
"leipzig";"germany";"3"
"dayton";"united states";"3"
"santa monica";"united states";"3"
"reading";"united kingdom";"3"
"münster";"germany";"3"
"lafayette";"united states";"3"
"gelsenkirchen";"germany";"3"
"bergen";"norway";"3"
"stuttgart";"germany";"3"
"oklahoma city";"united states";"3"
"hollywood";"united states";"3"
"beckenham";"united kingdom";"3"
"astoria";"united states";"3"
"staten island";"united states";"3"
"newport news";"united states";"3"
"holly springs";"united states";"3"
"wimbledon";"united kingdom";"3"
"dublin";"ireland";"3"
"minneapolis";"united states";"3"
"bridgeport";"united states";"3"
"muskegon";"united states";"3"
"milan";"italy";"3"
"springfield";"united states";"3"
"denver";"united states";"3"
"san jose";"united states";"3"
"bloomington";"united states";"3"
"essen";"germany";"3"
"henderson";"united states";"3"
"sacramento";"united states";"3"
"regina";"canada";"3"
"berkeley";"united states";"3"
"tottenham";"united kingdom";"3"
"coventry";"united kingdom";"3"
"hackney";"united kingdom";"3"
"kingston upon thames";"united kingdom";"3"
"montgomery";"united states";"3"
"szczecin";"germany";"3"
"canton";"united states";"3"
"glendale";"united states";"3"
"wien";"austria";"3"
"marshall";"united states";"3"
"blackpool";"united kingdom";"3"
"brazil";"brazil";"3"
"santa barbara";"united states";"3"
"new haven";"united states";"3"
"welwyn garden city";"united kingdom";"3"
"vancouver";"canada";"3"
"heidelberg";"germany";"3"
"bradford";"united kingdom";"3"
"southampton";"united kingdom";"3"
"florida";"united states";"3"
"chiswick";"united kingdom";"3"
"hanover";"germany";"3"
"salinas";"united states";"3"
"jamestown";"united states";"3"
"kinshasa";"france";"3"
"shreveport";"united states";"3"
"windsor";"canada";"3"
"sheffield";"united kingdom";"3"
"vermont";"united states";"2"
"mississauga";"canada";"2"
"grenoble";"france";"2"
"yonkers";"united states";"2"
"el monte";"united states";"2"
"camberwell";"united kingdom";"2"
"minato";"japan";"2"
"malibu";"united states";"2"
"derry";"united kingdom";"2"
"rosario";"argentina";"2"
"bray";"ireland";"2"
"norfolk";"united states";"2"
"nacka";"sweden";"2"
"toccoa";"united states";"2"
"st. catharines";"canada";"2"
"goiás";"brazil";"2"
"alexandria";"united states";"2"
"mannheim";"germany";"2"
"macon";"united states";"2"
"englewood";"united states";"2"
"amsterdam";"netherlands";"2"
"muskogee";"united states";"2"
"greenwood";"united states";"2"
"bremen";"germany";"2"
"oxford";"united kingdom";"2"
"visp";"switzerland";"2"
"texas city";"united states";"2"
"longsight";"united kingdom";"2"
"nantes";"france";"2"
"monticello";"united states";"2"
"newcastle upon tyne";"united kingdom";"2"
"duisburg";"germany";"2"
"eugene";"united states";"2"
"burlington";"canada";"2"
"kiel";"germany";"2"
"topeka";"united states";"2"
"saarbrücken";"germany";"2"
"stoke-on-trent";"united kingdom";"2"
"linz";"austria";"2"
"white plains";"united states";"2"
"kuopio";"finland";"2"
"laurens";"united states";"2"
"lima";"united states";"2"
"richland";"united states";"2"
"grangemouth";"united kingdom";"2"
"kingston upon hull";"united kingdom";"2"
"meridian";"united states";"2"
"trieste";"italy";"2"
"greensboro";"united states";"2"
"huntsville";"canada";"2"
"malmö";"sweden";"2"
"gainesville";"united states";"2"
"clinton";"united states";"2"
"port arthur";"united states";"2"
"breda";"netherlands";"2"
"saginaw";"united states";"2"
"flensburg";"germany";"2"
"bielefeld";"germany";"2"
"alabama";"united states";"2"
"east orange";"united states";"2"
"tromsø";"norway";"2"
"west palm beach";"united states";"2"
"lancaster";"united states";"2"
"smithville";"united states";"2"
"charlotte";"united states";"2"
"monroe";"united states";"2"
"bethnal green";"united kingdom";"2"
"cambridge";"united kingdom";"2"
"turin";"italy";"2"
"plaistow";"united kingdom";"2"
"washington, d.c.";"united states";"2"
"maryland";"united states";"2"
"covington";"united states";"2"
"göttingen";"germany";"2"
"gilmer";"united states";"2"
"bern";"switzerland";"2"
"douglas";"united kingdom";"2"
"montreal";"united states";"2"
"tokyo";"japan";"2"
"cairo";"france";"2"
"uppsala";"sweden";"2"
"harrisburg";"united states";"2"
"scarborough";"canada";"2"
"northampton";"united kingdom";"2"
"hamilton";"united states";"2"
"barcelona";"spain";"2"
"hounslow";"united kingdom";"2"
"ulm";"germany";"2"
"kelowna";"canada";"2"
"oxnard";"united states";"2"
"wimborne minster";"united kingdom";"2"
"baldwin";"united states";"2"
"new malden";"united kingdom";"2"
"oslo";"norway";"2"
"neuilly-sur-seine";"france";"2"
"hampton";"united states";"2"
"portland";"united states";"2"
"wichita";"united states";"2"
"lake charles";"united states";"2"
"chatham";"united kingdom";"2"
"santa rosa";"united states";"2"
"brighton";"united kingdom";"2"
"brussels";"belgium";"2"
"bad salzuflen";"germany";"2"
"quedlinburg";"germany";"2"
"moncton";"canada";"2"
"mccomb";"united states";"2"
"frankfurt am main";"germany";"2"
"westmount";"canada";"2"
"riverside";"united states";"2"
"princeton";"united states";"2"
"leeds";"united kingdom";"2"
"beaumont";"united states";"2"
"brookline";"united states";"2"
"stamford";"united states";"2"
"marylebone";"united kingdom";"2"
"manchester";"united kingdom";"2"
"new delhi";"canada";"2"
"tucson";"united states";"2"
"san diego";"united states";"2"
"bethesda";"united states";"2"
"syracuse";"united states";"2"
"wynnewood";"united states";"2"
"corsicana";"united states";"2"
"california";"united states";"2"
"coswig";"germany";"2"
"brisbane";"australia";"2"
"seminole";"united states";"2"
"doylestown";"united states";"2"
"graz";"austria";"2"
"athens";"united states";"2"
"brinkley";"united states";"2"
"rochester";"united states";"2"
"columbia";"united states";"2"
"leicester";"united kingdom";"2"
"inglewood";"united states";"2"
"williamsburg";"united states";"2"
"islington";"united kingdom";"2"
"plumstead";"united kingdom";"2"
"santiago";"chile";"2"
"sherman";"united states";"2"
"mérida";"mexico";"2"
"lubbock";"united states";"2"
"mississippi";"united states";"2"
"indianola";"united states";"2"
"west bromwich";"united kingdom";"2"
"emden";"germany";"2"
"geneva";"united states";"2"
"bonn";"germany";"2"
"cordele";"united states";"2"
"greenwich village";"united states";"2"
"berwyn";"united states";"2"
"glen cove";"united states";"2"
"greenville";"united states";"2"
"champaign";"united states";"2"
"tyler";"united states";"2"
"whitechapel";"united kingdom";"2"
"anaheim";"united states";"2"
"laguna hills";"united states";"2"
"jönköping";"sweden";"2"
"hazlehurst";"united states";"2"
"galveston";"united states";"2"
"wallsend";"united kingdom";"2"
"knoxville";"united states";"2"
"halmstad";"sweden";"2"
"eversley";"united kingdom";"1"
"aarhus";"denmark";"1"
"waverley";"canada";"1"
"poznań";"germany";"1"
"torbat-e jam";"united states";"1"
"birkenhead";"united kingdom";"1"
"masterton";"new zealand";"1"
"gaspé";"canada";"1"
"winona";"united states";"1"
"bremerhaven";"germany";"1"
"quebec";"canada";"1"
"cambuslang";"united kingdom";"1"
"rossville";"united states";"1"
"lebanon";"united states";"1"
"mooringsport";"united states";"1"
"caracas";"spain";"1"
"kendal";"jamaica";"1"
"borgerhout";"belgium";"1"
"faenza";"italy";"1"
"fort knox";"united states";"1"
"busto arsizio";"italy";"1"
"oneonta";"united states";"1"
"bagneux";"france";"1"
"pawnee city";"united states";"1"
"panama city";"spain";"1"
"san benito";"united states";"1"
"johannesburg";"south africa";"1"
"torrance";"united states";"1"
"goro";"italy";"1"
"pierrefonds";"france";"1"
"svidník";"slovakia";"1"
"altus";"united states";"1"
"geel";"belgium";"1"
"coatepec";"mexico";"1"
"bathurst";"canada";"1"
"queens";"ireland";"1"
"iowa city";"united states";"1"
"necton";"united kingdom";"1"
"grimsby";"canada";"1"
"derby";"united kingdom";"1"
"london";"ireland";"1"
"elva";"estonia";"1"
"gloucester";"united kingdom";"1"
"camden";"united states";"1"
"caesarea";"israel";"1"
"santo antônio de jesus";"brazil";"1"
"orpington";"united kingdom";"1"
"everett";"united states";"1"
"bellefonte";"canada";"1"
"marietta";"united states";"1"
"yangon";"united kingdom";"1"
"lawton";"united states";"1"
"walton-on-thames";"united kingdom";"1"
"todmorden";"united kingdom";"1"
"tohmajärvi";"finland";"1"
"lagos";"nigeria";"1"
"kalamazoo";"united states";"1"
"chillicothe";"united states";"1"
"sainte-anne-des-monts";"canada";"1"
"baarlo";"netherlands";"1"
"lovejoy";"united states";"1"
"penticton";"canada";"1"
"basel";"germany";"1"
"kongsberg";"norway";"1"
"bartlett";"united states";"1"
"kissidougou";"guinea";"1"
"zoetermeer";"netherlands";"1"
"guernsey";"united kingdom";"1"
"el dorado";"united states";"1"
"dippoldiswalde";"germany";"1"
"romeo";"united states";"1"
"nicosia";"united kingdom";"1"
"odense";"denmark";"1"
"anstruther";"united kingdom";"1"
"hamilton";"new zealand";"1"
"st. john's";"canada";"1"
"gijón";"spain";"1"
"tripoli";"united states";"1"
"bietigheim-bissingen";"germany";"1"
"seguin";"united states";"1"
"jersey city";"united states";"1"
"victoria";"canada";"1"
"decatur";"united states";"1"
"new braunfels";"united states";"1"
"auckland";"new zealand";"1"
"monaco";"france";"1"
"annweiler am trifels";"germany";"1"
"york";"liverpool";"1"
"rupperswil";"switzerland";"1"
"eschwege";"germany";"1"
"schöneberg";"germany";"1"
"rostock";"germany";"1"
"portsmouth";"united states";"1"
"hatfield";"united kingdom";"1"
"ystad";"sweden";"1"
"port clinton";"united states";"1"
"bluefield";"united states";"1"
"miami beach";"united states";"1"
"laurel";"tokyo";"1"
"bocas del toro";"united states";"1"
"ermelo";"south africa";"1"
"salem";"united states";"1"
"amory";"united states";"1"
"ciudad de méxico";"mexico";"1"
"williams";"united states";"1"
"eugene";"nashville";"1"
"bessemer";"germany";"1"
"huntington beach";"united states";"1"
"hénin-beaumont";"france";"1"
"dayton";"amherst";"1"
"winnweiler";"germany";"1"
"orangeburg";"united states";"1"
"zurich";"germany";"1"
"southport";"united kingdom";"1"
"i̇zmir";"france";"1"
"dumfries";"united kingdom";"1"
"bay city";"united states";"1"
"duncan";"canada";"1"
"roncocesi";"italy";"1"
"tallinn";"estonia";"1"
"navasota";"united states";"1"
"crossville";"united states";"1"
"nashua";"united states";"1"
"lagonegro";"italy";"1"
"cottage grove";"united states";"1"
"south bend";"united states";"1"
"marseille";"france";"1"
"montreal";"toronto";"1"
"düren";"germany";"1"
"santo amaro";"brazil";"1"
"trogen";"switzerland";"1"
"huntington";"united states";"1"
"gütersloh";"germany";"1"
"dakar";"france";"1"
"port of spain";"queens";"1"
"cairo";"austria";"1"
"thousand oaks";"united states";"1"
"rio grande do norte";"brazil";"1"
"morden";"canada";"1"
"port credit";"canada";"1"
"portsmouth";"united kingdom";"1"
"bridgeton";"united kingdom";"1"
"algiers";"united states";"1"
"melbourne";"new zealand";"1"
"oildale";"united states";"1"
"hempstead";"united states";"1"
"burnaby";"canada";"1"
"waterlooville";"united kingdom";"1"
"ingolstadt";"austria";"1"
"carrick-on-suir";"ireland";"1"
"annapolis";"united states";"1"
"santa fe";"argentina";"1"
"aalborg";"denmark";"1"
"silver spring";"united states";"1"
"dorfen";"germany";"1"
"latina";"italy";"1"
"moskva";"germany";"1"
"ashkelon";"united states";"1"
"auburn";"united states";"1"
"gorzów wielkopolski";"poland";"1"
"bega";"australia";"1"
"nérac";"france";"1"
"sedona";"united states";"1"
"lisbon";"portugal";"1"
"burslem";"los angeles";"1"
"redruth";"united kingdom";"1"
"rochester";"australia";"1"
"west allis";"united states";"1"
"bonheiden";"belgium";"1"
"centerville";"united states";"1"
"nieppe";"france";"1"
"kingsville";"united states";"1"
"hahira";"united states";"1"
"kent";"united kingdom";"1"
"marksville";"united states";"1"
"plymouth";"united kingdom";"1"
"lincoln";"united states";"1"
"inverness";"united states";"1"
"rock island";"united states";"1"
"lyon";"france";"1"
"tuskegee";"united states";"1"
"ciboure";"france";"1"
"mannheim";"denmark";"1"
"whiston";"united kingdom";"1"
"russia";"united states";"1"
"pavia";"italy";"1"
"pemberton";"united kingdom";"1"
"peterborough";"united kingdom";"1"
"nagoya";"japan";"1"
"helsinki";"sweden";"1"
"toruń";"poland";"1"
"aarhus municipality";"denmark";"1"
"dover";"united states";"1"
"timmins";"canada";"1"
"camden";"united kingdom";"1"
"san luis obispo";"united states";"1"
"farnborough";"united kingdom";"1"
"delft";"netherlands";"1"
"cambridge bay";"canada";"1"
"huntingdon";"united kingdom";"1"
"roosevelt";"united states";"1"
"toledo";"united states";"1"
"reading";"united states";"1"
"philadelphia";"mexico";"1"
"newport";"united states";"1"
"saitama";"japan";"1"
"hadano";"japan";"1"
"linden";"united states";"1"
"cairo";"united states";"1"
"hornsey";"united kingdom";"1"
"obertshausen";"germany";"1"
"aledo";"united states";"1"
"kolari";"finland";"1"
"colfax";"united states";"1"
"perpignan";"france";"1"
"trinidad and tobago";"united states";"1"
"barking";"ireland";"1"
"folkestone";"united kingdom";"1"
"whangarei";"australia";"1"
"barnet";"united kingdom";"1"
"rockingham";"united states";"1"
"hemmoor";"germany";"1"
"tours";"france";"1"
"rocky mount";"united states";"1"
"moose jaw";"canada";"1"
"karlstad";"sweden";"1"
"villa rica";"united states";"1"
"ditzingen";"germany";"1"
"münsingen";"germany";"1"
"vantaa";"finland";"1"
"vance";"united states";"1"
"wednesbury";"united kingdom";"1"
"coral gables";"united states";"1"
"caledon";"canada";"1"
"würzburg";"germany";"1"
"lyon";"united states";"1"
"bordeaux";"france";"1"
"detroit";"las vegas";"1"
"ripley";"united states";"1"
"hampstead";"united states";"1"
"buenos aires";"germany";"1"
"guildford";"united kingdom";"1"
"west wickham";"united kingdom";"1"
"dry ridge";"united states";"1"
"ilpendam";"netherlands";"1"
"sangre grande";"trinidad and tobago";"1"
"rimini";"italy";"1"
"guadalajara";"mexico";"1"
"virrat";"finland";"1"
"south orange";"united states";"1"
"barstow";"united states";"1"
"saratov";"germany";"1"
"odessa";"ukraine";"1"
"weida";"germany";"1"
"shanghai";"switzerland";"1"
"athens";"sweden";"1"
"welwyn garden city";"australia";"1"
"brawley";"united states";"1"
"carle place";"united states";"1"
"fort lauderdale";"united states";"1"
"kingsport";"united states";"1"
"saint john";"canada";"1"
"tabor city";"united states";"1"
"goshen";"united states";"1"
"montrouge";"france";"1"
"dakar";"senegal";"1"
"lincoln";"united kingdom";"1"
"wallasey";"united kingdom";"1"
"grenada";"united states";"1"
"asheville";"united states";"1"
"maud";"united states";"1"
"ocean city";"united states";"1"
"karlsruhe";"germany";"1"
"newhaven";"united kingdom";"1"
"lübeck";"germany";"1"
"aschersleben";"germany";"1"
"geneva";"switzerland";"1"
"rio grande do sul";"brazil";"1"
"jaipur";"india";"1"
"kinshasa";"belgium";"1"
"watford";"united kingdom";"1"
"san carlos";"chile";"1"
"prestwich";"united kingdom";"1"
"okemah";"united states";"1"
"walnut ridge";"united states";"1"
"wrocław";"germany";"1"
"perry";"united states";"1"
"apeldoorn";"netherlands";"1"
"littlefield";"united states";"1"
"savanna";"united states";"1"
"west monroe";"united states";"1"
"fortaleza";"brazil";"1"
"wildeshausen";"germany";"1"
"herford";"germany";"1"
"rathenow";"germany";"1"
"california";"canada";"1"
"barrington";"united states";"1"
"montrose";"united states";"1"
"vicksburg";"united states";"1"
"memphis";"france";"1"
"harlow";"united kingdom";"1"
"jefferson";"united states";"1"
"wheeling";"united states";"1"
"chichester";"united kingdom";"1"
"bushey";"united kingdom";"1"
"zurich";"switzerland";"1"
"durant";"united states";"1"
"irará";"brazil";"1"
"pomona";"united states";"1"
"los angeles";"ventura";"1"
"pontypridd";"united kingdom";"1"
"livingston";"united states";"1"
"copenhagen";"iceland";"1"
"visalia";"united states";"1"
"groveton";"united states";"1"
"sulkava";"finland";"1"
"fresno";"united states";"1"
"wiesbaden";"united states";"1"
"norwich";"united kingdom";"1"
"aachen";"austria";"1"
"bamako";"mali";"1"
"slough";"united kingdom";"1"
"vidor";"united states";"1"
"fontana";"united states";"1"
"mercer";"united states";"1"
"kitee";"finland";"1"
"porvoo";"finland";"1"
"petersburg";"united states";"1"
"klagenfurt";"austria";"1"
"gronau";"germany";"1"
"usingen";"germany";"1"
"prüm";"germany";"1"
"tennessee";"united states";"1"
"belfast";"northern ireland";"1"
"milford";"united states";"1"
"china";"china";"1"
"lewisham";"united kingdom";"1"
"adelaide";"australia";"1"
"hinckley";"united kingdom";"1"
"aguadilla";"puerto rico";"1"
"harmontown";"united states";"1"
"bogalusa";"united states";"1"
"palermo";"italy";"1"
"belzoni";"united states";"1"
"omaha";"los angeles";"1"
"west bromwich";"ireland";"1"
"cobham";"united kingdom";"1"
"youngstown";"united states";"1"
"linton";"united states";"1"
"virginia beach";"united states";"1"
"little rock";"united states";"1"
"erlangen";"germany";"1"
"new delhi";"germany";"1"
"mikołów";"poland";"1"
"tampere";"finland";"1"
"dortmund";"germany";"1"
"roxbury";"united states";"1"
"logansport";"united states";"1"
"scottsbluff";"united states";"1"
"frederiksberg";"denmark";"1"
"stone mountain";"united states";"1"
"ashford";"united kingdom";"1"
"stourport-on-severn";"united kingdom";"1"
"calais";"france";"1"
"sugar land";"united states";"1"
"tralee";"germany";"1"
"moskva";"united states";"1"
"straubing";"germany";"1"
"budapest";"hungary";"1"
"centre";"cameroon";"1"
"mora";"sweden";"1"
"harrow";"australia";"1"
"kennett";"united states";"1"
"makassar";"indonesia";"1"
"plant city";"united states";"1"
"bridport";"united kingdom";"1"
"owatonna";"united states";"1"
"gardelegen";"germany";"1"
"dawson";"united states";"1"
"natchitoches";"united states";"1"
"natchez";"united states";"1"
"montville";"united states";"1"
"witham";"united kingdom";"1"
"cambridge";"australia";"1"
"teddington";"united kingdom";"1"
"warri";"germany";"1"
"tryon";"united states";"1"
"tokyo";"united states";"1"
"brighton and hove";"united kingdom";"1"
"evanston";"united states";"1"
"lancaster";"canada";"1"
"winchester";"united states";"1"
"claremore";"united states";"1"
"old town";"united states";"1"
"venice";"italy";"1"
"clacton-on-sea";"united states";"1"
"chingford";"united kingdom";"1"
"bromborough";"united kingdom";"1"
"thunder bay";"canada";"1"
"billingham";"united kingdom";"1"
"minnesota";"edina";"1"
"southampton county";"united states";"1"
"sandefjord";"norway";"1"
"texarkana";"united states";"1"
"bebington";"united kingdom";"1"
"limerick";"ireland";"1"
"cheltenham";"united kingdom";"1"
"notting hill";"united kingdom";"1"
"cayce";"united states";"1"
"bowling green";"united states";"1"
"wels";"austria";"1"
"setúbal";"portugal";"1"
"arklow";"ireland";"1"
"scranton";"united states";"1"
"khyber pakhtunkhwa";"united kingdom";"1"
"brandenburg an der havel";"germany";"1"
"perth amboy";"united states";"1"
"alkmaar";"germany";"1"
"vernon";"united states";"1"
"ozark";"united states";"1"
"bobingen";"germany";"1"
"maynardville";"united states";"1"
"littleton";"united states";"1"
"tehran";"united kingdom";"1"
"dagenham";"united kingdom";"1"
"nattheim";"germany";"1"
"eureka";"united states";"1"
"pickering";"canada";"1"
"santa cruz";"united states";"1"
"paddington";"los angeles";"1"
"boulogne-billancourt";"france";"1"
"sønderborg";"denmark";"1"
"grand prairie";"united states";"1"
"espoo";"finland";"1"
"north carolina";"united states";"1"
"vaasa";"finland";"1"
"belford roxo";"brazil";"1"
"denizli";"turkey";"1"
"flevoland";"netherlands";"1"
"kraków";"sweden";"1"
"livonia";"united states";"1"
"maysville";"united states";"1"
"nice";"france";"1"
"haverhill";"united states";"1"
"fort recovery";"united states";"1"
"elmhurst";"united states";"1"
"south wentworthville";"australia";"1"
"darby";"united states";"1"
"teaneck";"united states";"1"
"dundee";"united kingdom";"1"
"cordell";"united states";"1"
"dingle";"united kingdom";"1"
"kosovo";"united kingdom";"1"
"beckenham";"brazil";"1"
"trinidad";"trinidad and tobago";"1"
"collingswood";"united states";"1"
"great yarmouth";"united kingdom";"1"
"landstuhl";"united states";"1"
"ukiah";"united states";"1"
"county donegal";"ireland";"1"
"alençon";"france";"1"
"helena-west helena";"united states";"1"
"batley";"united kingdom";"1"
"zachary";"united states";"1"
"hernando";"united states";"1"
"black mountain";"united states";"1"
"cachoeiro de itapemirim";"brazil";"1"
"beloit";"united states";"1"
"highgate";"united kingdom";"1"
"brecon";"united kingdom";"1"
"great bookham";"united kingdom";"1"
"nairobi";"united kingdom";"1"
"steventon";"united kingdom";"1"
"hillingdon";"united kingdom";"1"
"port of spain";"united states";"1"
"california";"japan";"1"
"bay village";"united states";"1"
"suffern";"united states";"1"
"manhasset";"canada";"1"
"exeter";"united kingdom";"1"
"middlesbrough";"united kingdom";"1"
"staveley";"united kingdom";"1"
"lexington";"united states";"1"
"tamaulipas";"mexico";"1"
"rothenburg ob der tauber";"germany";"1"
"quivicán";"cuba";"1"
"wilmington";"united states";"1"
"spartanburg county";"united states";"1"
"baton rouge";"united states";"1"
"vannes";"france";"1"
"erfurt";"germany";"1"
"gold coast";"australia";"1"
"wriezen";"germany";"1"
"des moines";"united states";"1"
"anniston";"united states";"1"
"garland";"united states";"1"
"indiana";"united states";"1"
"naples";"united states";"1"
"staßfurt";"germany";"1"
"mount vernon";"united states";"1"
"medford";"united states";"1"
"labrador city";"canada";"1"
"peoria";"united states";"1"
"denmark";"appleton";"1"
"hull";"canada";"1"
"manila";"philippines";"1"
"kitchener";"canada";"1"
"venado tuerto";"united kingdom";"1"
"edwards air force base";"united states";"1"
"aydın";"turkey";"1"
"chelsea";"united states";"1"
"ventura";"united states";"1"
"dundas";"canada";"1"
"huntingdon";"united states";"1"
"british columbia";"canada";"1"
"sharonville";"united states";"1"
"pine bluff";"united states";"1"
"ostfildern";"germany";"1"
"boulder";"united states";"1"
"michigan city";"united states";"1"
"westminster";"united kingdom";"1"
"modena";"italy";"1"
"saco";"united states";"1"
"niterói";"brazil";"1"
"edirne";"turkey";"1"
"são vicente";"cape verde";"1"
"calvert";"united states";"1"
"new orleans";"germany";"1"
"gainesville";"brooklyn";"1"
"narbonne";"france";"1"
"edwards";"united states";"1"
"henagar";"united states";"1"
"kosciusko";"united states";"1"
"eden";"united states";"1"
"szczecin";"israel";"1"
"kota kinabalu";"japan";"1"
"el centro";"united states";"1"
"malvern";"united kingdom";"1"
"luttrell";"united states";"1"
"montana";"united states";"1"
"maine";"united states";"1"
"charleston";"united states";"1"
"dumfries and galloway";"united kingdom";"1"
"offenburg";"germany";"1"
"georgia";"united states";"1"
"polignano a mare";"italy";"1"
"hawthorne";"united states";"1"
"central city";"united states";"1"
"new rochelle";"united states";"1"
"floydada";"united states";"1"
"passaic";"united states";"1"
"lentate sul seveso";"italy";"1"
"orange county";"united states";"1"
"tullamore";"ireland";"1"
"vallejo";"united states";"1"
"little rock";"los angeles";"1"
"tehran";"united states";"1"
"hebden bridge";"united kingdom";"1"
"albert lea";"united states";"1"
"evanston";"seattle";"1"
"yugoslavia";"germany";"1"
"ziębice";"poland";"1"
"järvenpää";"finland";"1"
"oak park";"united states";"1"
"pisa";"italy";"1"
"mansfield";"united states";"1"
"nashville";"canada";"1"
"pinner";"united kingdom";"1"
"paddington";"united kingdom";"1"
"tupelo";"united states";"1"
"sunderland";"united kingdom";"1"
"castries";"united kingdom";"1"
"kópavogur";"iceland";"1"
"hauts-de-seine";"france";"1"
"tuscaloosa";"united states";"1"
"zagreb";"croatia";"1"
"brazil";"germany";"1"
"pottstown";"united states";"1"
"cisco";"united states";"1"
"downey";"united states";"1"
"concord";"united states";"1"
"cardiff";"united kingdom";"1"
"warren";"encino, los angeles";"1"
"johannesburg";"united states";"1"
"shaw";"united states";"1"
"brixton";"united kingdom";"1"
"dumbarton";"united states";"1"
"epping";"united kingdom";"1"
"saltburn-by-the-sea";"united kingdom";"1"
"dartford";"united kingdom";"1"
"sale";"united kingdom";"1"
"herrin";"united states";"1"
"san marino";"united states";"1"
"humble";"united states";"1"
"ontario";"canada";"1"
"steubenville";"united states";"1"
"hackensack";"united states";"1"
"albuquerque";"united states";"1"
"alexandria";"greece";"1"
"wickede";"germany";"1"
"pontiac";"united states";"1"
"haynes";"united states";"1"
"new westminster";"canada";"1"
"blackburn";"united kingdom";"1"
"tübingen";"germany";"1"
"oleśnica";"germany";"1"
"san fernando";"spain";"1"
"würzburg";"united states";"1"
"welling";"united kingdom";"1"
"lille";"chile";"1"
"bogotá";"colombia";"1"
"wheaton";"united states";"1"
"lake forest";"united states";"1"
"burbank";"united states";"1"
"ystrad mynach";"united kingdom";"1"
"toronto";"los angeles";"1"
"poulton-le-fylde";"united kingdom";"1"
"molde";"norway";"1"
"benešov";"czech republic";"1"
"valparaíso";"chile";"1"
"haugesund";"norway";"1"
"rottweil";"germany";"1"
"springhill";"canada";"1"
"hagen";"germany";"1"
"aberdeen";"united kingdom";"1"
"mitcham";"united kingdom";"1"
"plano";"united states";"1"
"handsworth";"united kingdom";"1"
"versailles";"france";"1"
"boca raton";"united states";"1"
"courtenay";"france";"1"
"hilversum";"netherlands";"1"
"coney island";"united states";"1"
"forest hills";"united states";"1"
"moose jaw";"united states";"1"
"forest";"united states";"1"
"ubá";"brazil";"1"
"waco";"united states";"1"
"belleville";"canada";"1"
"montpelier";"united states";"1"
"juiz de fora";"brazil";"1"
"amman";"united kingdom";"1"
"southgate";"united kingdom";"1"
"chennai";"india";"1"
"porirua";"new zealand";"1"
"tampa";"united states";"1"
"clearwater";"united states";"1"
"rutland";"united states";"1"
"the bronx";"san diego";"1"
"wentorf bei hamburg";"germany";"1"
"valinhos";"brazil";"1"
"syosset";"united states";"1"
"italy";"germany";"1"
"gentofte";"denmark";"1"
"leszno";"finland";"1"
"veracruz";"mexico";"1"
"forrest city";"united states";"1"
"santiago";"united states";"1"
"newnan";"united states";"1"
"riom";"france";"1"
"northampton";"norway";"1"
"italy";"italy";"1"
"fernie";"canada";"1"
"windsor";"united states";"1"
"paris";"united kingdom";"1"
"issy-les-moulineaux";"france";"1"
"forlì";"italy";"1"
"bellingham";"united states";"1"
"monroeville";"united states";"1"
"cedar grove";"united states";"1"
"detroit";"canada";"1"
"bishopbriggs";"united kingdom";"1"
"hasselt";"belgium";"1"
"sanandaj";"germany";"1"
"grand haven";"los angeles";"1"
"ada";"united states";"1"
"hattiesburg";"united states";"1"
"hartwell";"united states";"1"
"brenham";"united states";"1"
"thomson";"united states";"1"
"cochran";"united states";"1"
"bolton";"united states";"1"
"cairo";"egypt";"1"
"duluth";"united states";"1"
"dún laoghaire";"ireland";"1"
"malone";"united states";"1"
"barretville";"united states";"1"
"canonsburg";"united states";"1"
"tel aviv";"israel";"1"
"bexley";"united kingdom";"1"
"antwerp";"netherlands";"1"
"ravensdale";"united states";"1"
"van nuys";"united states";"1"
"breaux bridge";"united states";"1"
"whitechapel";"ireland";"1"
"oakdale";"united states";"1"
"woodbridge";"united kingdom";"1"
"paramaribo";"netherlands";"1"
"long branch";"united states";"1"
"kingston";"canada";"1"
"washington";"united kingdom";"1"
"lettsworth";"united states";"1"
"durham";"united states";"1"
"brunswick";"united states";"1"
"rome";"united states";"1"
"mount clemens";"united states";"1"
"reykjavík";"iceland";"1"
"tehran";"canada";"1"
"lymington";"united kingdom";"1"
"paris";"nigeria";"1"
"hugo";"united states";"1"
"rockville";"united states";"1"
"walnut grove";"united states";"1"
"jaworzno";"united states";"1"
"haarlem";"netherlands";"1"
"wembley";"united kingdom";"1"
"manhattan";"brazil";"1"
"madrid";"mexico";"1"
"pembroke pines";"united states";"1"
"pomona";"santa monica";"1"
"bremerton";"united states";"1"
"unna";"germany";"1"
"nordhorn";"germany";"1"
"buckingham";"united kingdom";"1"
"augsburg";"germany";"1"
"la crosse";"united states";"1"
"chattanooga";"united states";"1"
"savannah";"united states";"1"
"horn lake";"united states";"1"
"wakefield";"united kingdom";"1"
"cincinnati";"germany";"1"
"lewisham";"gedding";"1"
"elk grove village";"united states";"1"
"westerly";"united states";"1"
"stanmore";"united kingdom";"1"
"siparia";"united kingdom";"1"
"westmoreland";"jamaica";"1"
"tacoma";"united states";"1"
"florence";"italy";"1"
"finchley";"united kingdom";"1"
"hong kong";"united kingdom";"1"
"forest hill";"united states";"1"
"hämeenlinna";"finland";"1"
"wallington";"united kingdom";"1"
"las vegas";"united states";"1"
"warren";"united states";"1"
"ferriday";"united states";"1"
"salisbury";"united states";"1"
"jonesboro";"united states";"1"
"flushing";"united states";"1"
"ardsley";"united states";"1"
"vicenza";"united states";"1"
"port credit";"vancouver";"1"
"shaker heights";"united states";"1"
"virginia";"united states";"1"
"timbo";"united states";"1"
"camas";"united states";"1"
"pascagoula";"united states";"1"
"adelphi";"jamaica";"1"
"plainview";"united states";"1"
"shenandoah";"united states";"1"
"camerino";"italy";"1"
"heston";"united kingdom";"1"
"ruleville";"united states";"1"
"elk city";"united states";"1"
"gurdon";"united states";"1"
"coalinga";"united states";"1"
"bad homburg vor der höhe";"germany";"1"
"brattleboro";"united states";"1"
"anchorage";"united states";"1"
"nevada city";"united states";"1"
"pauls valley";"united states";"1"
"camarillo";"united states";"1"
"utica";"united states";"1"
"mechanicsville";"united states";"1"
"the bronx";"staten island";"1"
"kauhajoki";"finland";"1"
"ponchatoula";"united states";"1"
"chapin";"united states";"1"
"jakarta";"indonesia";"1"
"kirbyville";"united states";"1"
"london";"turkey";"1"
"amherst";"united states";"1"
"blackville";"united states";"1"
"port gibson";"united states";"1"
"east dunbartonshire";"united kingdom";"1"
"zabrze";"germany";"1"
"heidelberg";"united states";"1"
"bedale";"united kingdom";"1"
"cologne";"france";"1"
"tulle";"france";"1"
"germany";"belgium";"1"
"stepney";"united kingdom";"1"
"igarapava";"brazil";"1"
"tidworth";"united kingdom";"1"
"barnwell";"united states";"1"
"tunica";"united states";"1"
"colchester";"united kingdom";"1"
"venlo";"united states";"1"
"rochford";"united kingdom";"1"
"west plains";"united states";"1"
"casablanca";"germany";"1"
"green hill";"united states";"1"
"lorain";"united states";"1"
"jaén";"spain";"1"
"crookes";"united kingdom";"1"
"gweedore";"ireland";"1"
"great neck";"united states";"1"
"st. louis";"france";"1"
"colorado";"united states";"1"
"joshua tree";"united states";"1"
"oshkosh";"united states";"1"
"best";"netherlands";"1"
"aveiro";"portugal";"1"
"rockenhausen";"germany";"1"
"wyandotte";"united states";"1"
"kotka";"finland";"1"
"juankoski";"finland";"1"
"lakehurst";"united states";"1"
"creston";"united states";"1"
"boonville";"united states";"1"
"wiscasset";"united states";"1"
"long beach";"mexico";"1"
"montpellier";"france";"1"
"london";"canada";"1"
"eau claire";"united states";"1"
"skanderborg";"denmark";"1"
"nauen";"germany";"1"
"new delhi";"india";"1"
"edmonton";"canada";"1"
"st andrews";"united kingdom";"1"
"fort-de-france";"martinique";"1"
"raymond";"united states";"1"
"enid";"united states";"1"
"oldham";"united kingdom";"1"
"berchtesgaden";"germany";"1"
"great bend";"united states";"1"
"colombia";"colombia";"1"
"blackheath";"united kingdom";"1"
"amarillo";"united states";"1"
"fargo";"united states";"1"
"burton upon trent";"united kingdom";"1"
"guthrie";"united states";"1"
"new brunswick";"united states";"1"
"lawrence";"united states";"1"
"westbury";"united states";"1"
"ankara";"united kingdom";"1"
"nuremberg";"germany";"1"
"eisenach";"germany";"1"
"west newbury";"united states";"1"
"roswell";"united states";"1"
"levittown";"united states";"1"
"coahoma county";"united states";"1"
"holloway";"united kingdom";"1"
"seymour";"united states";"1"
"jarrow";"united kingdom";"1"
"kings park";"united states";"1"
"chardon";"united states";"1"
"solihull";"united kingdom";"1"
"frimley";"united kingdom";"1"
"hastings";"united kingdom";"1"
"willington";"united kingdom";"1"
"kingsland";"united states";"1"
"lanark";"canada";"1"
"east elmhurst";"united states";"1"
"sayreville";"united states";"1"
"anderson";"united states";"1"
"illinois";"united states";"1"
"bakersfield";"united states";"1"
"fort macleod";"canada";"1"
"chernyakhovsk";"germany";"1"
"puerto rico";"puerto rico";"1"
"almelo";"netherlands";"1"
"biel/bienne";"switzerland";"1"
"grafenau";"germany";"1"
"stendal";"germany";"1"
"robertsfors";"sweden";"1"
"london";"germany";"1"
"eisenhüttenstadt";"germany";"1"
"marbach am neckar";"germany";"1"
"paraguay";"brazil";"1"
"seoul";"south korea";"1"
"pamiers";"france";"1"
"bergamo";"italy";"1"
"belfast";"united kingdom";"1"
"jenkins";"united states";"1"
"kilburn";"united kingdom";"1"
"tipton";"united states";"1"
"hartford";"united states";"1"
"norwalk";"united states";"1"
"osnabrück";"germany";"1"
"łódź";"united states";"1"
"kannapolis";"united states";"1"
"halle (saale)";"united kingdom";"1"
"spokane";"united states";"1"
"waverly";"united states";"1"
"sète";"france";"1"
"alkmaar";"netherlands";"1"
"sinsheim";"germany";"1"
"glückstadt";"germany";"1"
"weimar";"east germany";"1"
"paisley";"united kingdom";"1"
"siena";"italy";"1"
"schwelm";"germany";"1"
"tijuana";"united states";"1"
"sydney";"united states";"1"
"manama";"united kingdom";"1"
"bochum";"germany";"1"
"peebles";"australia";"1"
"walker";"united kingdom";"1"
"ripley";"united kingdom";"1"
"täby";"sweden";"1"
"chester";"united states";"1"
"leytonstone";"united kingdom";"1"
"broughton";"united kingdom";"1"
"corvallis";"united states";"1"
"genoa";"italy";"1"
"belém";"brazil";"1"
"orós";"brazil";"1"
"lissone";"italy";"1"
"bromley";"united kingdom";"1"
"leiden";"netherlands";"1"
"amherst";"canada";"1"
"london";"nigeria";"1"
"hacienda heights";"los angeles";"1"
"serra negra";"brazil";"1"
"breklum";"germany";"1"
"phillipsburg";"united states";"1"
"marianna";"united states";"1"
"pointe-à-pitre";"guadeloupe";"1"
"tripoli";"italy";"1"
"braunschweig";"germany";"1"
"kirn";"germany";"1"
"belleville";"united states";"1"
"leipzig";"east germany";"1"
"hoboken";"united states";"1"
"monghidoro";"italy";"1"
"verona";"italy";"1"
"wiesbaden";"germany";"1"
"wetzlar";"germany";"1"
"barataria";"united states";"1"
"brooklyn";"germany";"1"
"krasnoyarsk";"germany";"1"
"red hook";"united states";"1"
"moulins";"france";"1"
"st. stephen";"canada";"1"
"kenner";"united states";"1"
"peckham";"united kingdom";"1"
"big sandy";"united states";"1"
"farmersville";"united states";"1"
"utrecht";"netherlands";"1"
"heilbronn";"germany";"1"
"mautern in steiermark";"hamburg";"1"
"yokosuka";"japan";"1"
"the pas";"canada";"1"
"somerville";"united states";"1"
"dublin";"germany";"1"
"brewer";"united states";"1"
"duncan";"united states";"1"
"bad goisern";"austria";"1"
"ceará";"brazil";"1"
"ponce";"puerto rico";"1"
"dunfermline";"minety";"1"
"fair lawn";"united states";"1"
"warrington";"united kingdom";"1"
"oswestry";"united kingdom";"1"
"osterley";"united kingdom";"1"
"nottingham";"united kingdom";"1"
"antwerp";"belgium";"1"
"christchurch";"new zealand";"1"
"west virginia";"united states";"1"
"douglas";"canada";"1"
"opelika";"united states";"1"
"roanoke";"united states";"1"
"cannock";"united kingdom";"1"
"lihue";"united states";"1"
"battle creek";"united states";"1"
"verwood";"united kingdom";"1"
"orillia";"canada";"1"
"rocester";"united kingdom";"1"
"skegness";"united kingdom";"1"
"rinteln";"united kingdom";"1"
"salford";"united kingdom";"1"
"sabina";"united states";"1"
"bridgetown";"united states";"1"
"south st. paul";"united states";"1"
"fairfield";"united states";"1"
"charlottenburg";"germany";"1"
"peterborough";"canada";"1"
"bünde";"germany";"1"
"eisenberg";"germany";"1"
"lille";"france";"1"
"monahans";"united states";"1"
"istanbul";"turkey";"1"
"kendal";"united kingdom";"1"
"washington";"united states";"1"
"isola";"united states";"1"
"moers";"germany";"1"
"leipzig";"austria";"1"
"lunden";"germany";"1"
"wittenberg";"germany";"1"
"brejo do cruz";"brazil";"1"