"city";"country";"nbArtists";"latitude";"longitude"
"rio de janeiro";"brazil";"47";"-22.90642";"-43.18223"
"los angeles";"united states";"45";"34.05223";"-118.24368"
"berlin";"germany";"35";"52.52437";"13.41053"
"london";"united kingdom";"35";"51.50853";"-0.12574"
"chicago";"united states";"34";"41.85003";"-87.65005"
"brooklyn";"united states";"30";"41.43977";"-81.73541"
"philadelphia";"united states";"25";"32.77152";"-89.11673"
"toronto";"canada";"25";"43.70011";"-79.4163"
"new orleans";"united states";"23";"29.95465";"-90.07507"
"hamburg";"germany";"20";"53.55073";"9.99302"
"atlanta";"united states";"19";"45.00473";"-84.14389"
"houston";"united states";"17";"33.89845";"-88.99923"
"montreal";"canada";"16";"45.50884";"-73.58781"
"memphis";"united states";"15";"34.72478";"-100.53401"
"boston";"united states";"14";"42.62895";"-78.73753"
"são paulo";"brazil";"13";"-23.5475";"-46.63611"
"stockholm";"sweden";"13";"59.32938";"18.06871"
"san francisco";"united states";"12";"37.77493";"-122.41942"
"nashville";"united states";"11";"36.16589";"-86.78444"
"harlem";"united states";"11";"33.41458";"-82.31262"
"seattle";"united states";"10";"47.60621";"-122.33207"
"cleveland";"united states";"10";"26.96173";"-81.98398"
"dallas";"united states";"10";"44.91928";"-123.31705"
"helsinki";"finland";"10";"60.16952";"24.93545"
"fort worth";"united states";"10";"32.72541";"-97.32085"
"birmingham";"united kingdom";"9";"52.48142";"-1.89983"
"newark";"united states";"9";"43.04673";"-77.09525"
"kansas city";"united states";"9";"39.09973";"-94.57857"
"liverpool";"united kingdom";"8";"53.41058";"-2.97794"
"hamilton";"canada";"8";"43.25011";"-79.84963"
"rome";"italy";"8";"41.89193";"12.51133"
"pittsburgh";"united states";"7";"40.44062";"-79.99589"
"salvador";"brazil";"7";"-12.97563";"-38.49096"
"st. louis";"united states";"7";"38.62727";"-90.19789"
"melbourne";"australia";"7";"-37.814";"144.96332"
"winnipeg";"canada";"7";"49.8844";"-97.14704"
"miami";"united states";"7";"35.69143";"-100.63819"
"sydney";"australia";"7";"-33.86785";"151.20732"
"glasgow";"united kingdom";"7";"55.86515";"-4.25763"
"kingston";"jamaica";"6";"17.99702";"-76.79358"
"compton";"united states";"6";"33.89585";"-118.22007"
"buenos aires";"argentina";"6";"-34.61315";"-58.37723"
"tulsa";"united states";"6";"36.15398";"-95.99277"
"jacksonville";"united states";"6";"34.8662";"-92.11015"
"baltimore";"united states";"5";"39.29038";"-76.61219"
"munich";"germany";"5";"48.13743";"11.57549"
"cairo";"egypt";"5";"30.06263";"31.24967"
"bristol";"united kingdom";"5";"51.45523";"-2.59665"
"edinburgh";"united kingdom";"5";"55.95206";"-3.19648"
"queens";"united states";"5";"40.68149";"-73.83652"
"akron";"united states";"5";"40.16054";"-103.21438"
"omaha";"united states";"5";"41.25626";"-95.94043"
"jackson";"united states";"5";"37.38227";"-89.66621"
"long beach";"united states";"5";"38.46096";"-76.46884"
"gary";"united states";"5";"41.59337";"-87.34643"
"madrid";"spain";"5";"40.4165";"-3.70256"
"clarksdale";"united states";"5";"34.20011";"-90.57093"
"leipzig";"germany";"5";"51.33962";"12.37129"
"san antonio";"united states";"5";"28.33611";"-82.27453"
"columbus";"united states";"5";"29.70662";"-96.53969"
"richmond";"united states";"5";"37.93576";"-122.34775"
"halifax";"canada";"4";"44.64269";"-63.57688"
"brownsville";"united states";"4";"25.82176";"-80.24116"
"milwaukee";"united states";"4";"43.0389";"-87.90647"
"reading";"united kingdom";"4";"51.45625";"-0.97113"
"honolulu";"united states";"4";"21.30694";"-157.85833"
"newton";"united states";"4";"41.69971";"-93.04798"
"hammersmith";"united kingdom";"4";"51.49384";"-0.22882"
"phoenix";"united states";"4";"41.61115";"-87.63477"
"indianapolis";"united states";"4";"39.76838";"-86.15804"
"düsseldorf";"germany";"4";"51.22172";"6.77616"
"beckenham";"united kingdom";"4";"51.40878";"-0.02526"
"dayton";"united states";"4";"40.37261";"-74.51015"
"porto alegre";"brazil";"4";"-30.03283";"-51.23019"
"welwyn garden city";"united kingdom";"4";"51.80174";"-0.20691"
"dublin";"ireland";"4";"53.33306";"-6.24889"
"austin";"united states";"4";"30.26715";"-97.74306"
"louisiana";"united states";"4";"39.44894";"-91.05153"
"windsor";"united states";"4";"39.44087";"-88.59478"
"heidelberg";"germany";"4";"49.40768";"8.69079"
"chapel hill";"united states";"4";"35.62646";"-86.69333"
"buffalo";"united states";"4";"31.46379";"-96.05802"
"ottawa";"canada";"4";"45.41117";"-75.69812"
"louisville";"united states";"4";"40.99778";"-96.16224"
"oakland";"united states";"4";"44.54034";"-69.72199"
"florida";"united states";"3";"41.33176";"-74.35682"
"essen";"germany";"3";"52.72258";"7.9371"
"cambridge";"united kingdom";"3";"52.2";"0.11667"
"astoria";"united states";"3";"40.22754";"-90.35957"
"marshall";"united states";"3";"42.27226";"-84.96331"
"stuttgart";"germany";"3";"48.78232";"9.17702"
"henderson";"united states";"3";"37.83615";"-87.59001"
"berkeley";"united states";"3";"41.88892";"-87.9034"
"coventry";"united kingdom";"3";"52.40656";"-1.51217"
"tokyo";"japan";"3";"35.6895";"139.69171"
"lancaster";"united states";"3";"34.72043";"-80.7709"
"denver";"united states";"3";"40.23315";"-76.13717"
"bloomington";"united states";"3";"34.07029";"-117.39588"
"muskegon";"united states";"3";"43.23418";"-86.24839"
"regina";"canada";"3";"50.45008";"-104.6178"
"milan";"italy";"3";"45.46427";"9.18951"
"hackney";"united kingdom";"3";"51.55";"-0.05"
"montgomery";"united states";"3";"39.22811";"-84.35411"
"shreveport";"united states";"3";"32.52515";"-93.75018"
"sacramento";"united states";"3";"38.58157";"-121.4944"
"newport news";"united states";"3";"37.08339";"-76.46965"
"canton";"united states";"3";"40.55809";"-90.03512"
"santa barbara";"united states";"3";"34.42083";"-119.69819"
"blackpool";"united kingdom";"3";"53.81667";"-3.05"
"chiswick";"united kingdom";"3";"51.49271";"-0.25801"
"münster";"germany";"3";"49.92278";"8.86778"
"glendale";"united states";"3";"34.14251";"-118.25508"
"albany";"united states";"3";"36.6909";"-85.13468"
"bridgeport";"united states";"3";"40.06979";"-80.74008"
"wimbledon";"united kingdom";"3";"51.42212";"-0.20805"
"santa monica";"united states";"3";"34.01949";"-118.49138"
"minneapolis";"united states";"3";"39.12194";"-97.7067"
"staten island";"united states";"3";"40.56233";"-74.13986"
"athens";"united states";"3";"41.9573";"-76.518"
"tottenham";"united kingdom";"3";"51.60373";"-0.06794"
"hollywood";"united states";"3";"32.73434";"-80.24177"
"southampton";"united kingdom";"3";"50.90395";"-1.40428"
"new haven";"united states";"3";"41.30815";"-72.92816"
"west bromwich";"united kingdom";"3";"52.51868";"-1.9945"
"rochester";"united states";"3";"40.70229";"-80.28645"
"sheffield";"united kingdom";"3";"53.38297";"-1.4659"
"salinas";"united states";"3";"36.67774";"-121.6555"
"kingston upon thames";"united kingdom";"3";"51.41259";"-0.2974"
"jamestown";"united states";"3";"39.65812";"-83.73492"
"eugene";"united states";"3";"44.05207";"-123.08675"
"bradford";"united kingdom";"3";"53.79391";"-1.75206"
"whitechapel";"united kingdom";"3";"51.51382";"-0.06583"
"springfield";"united states";"3";"42.32643";"-85.23916"
"geneva";"united states";"3";"40.59199";"-84.95719"
"san jose";"united states";"3";"37.33939";"-121.89496"
"bergen";"norway";"3";"60.39299";"5.32415"
"oklahoma city";"united states";"3";"35.46756";"-97.51643"
"vancouver";"canada";"3";"49.24966";"-123.11934"
"lafayette";"united states";"3";"40.4167";"-86.87529"
"gelsenkirchen";"germany";"3";"51.50508";"7.09654"
"holly springs";"united states";"3";"31.31573";"-89.97786"
"east orange";"united states";"2";"40.76732";"-74.20487"
"mississauga";"canada";"2";"43.5789";"-79.6583"
"smithville";"united states";"2";"39.49401";"-74.45709"
"goiás";"brazil";"2";"-15.93444";"-50.14028"
"flensburg";"germany";"2";"54.78431";"9.43961"
"grenoble";"france";"2";"45.17869";"5.71479"
"longsight";"united kingdom";"2";"53.45801";"-2.20104"
"oxford";"united kingdom";"2";"51.75222";"-1.25596"
"gilmer";"united states";"2";"32.72875";"-94.94244"
"charlotte";"united states";"2";"42.56365";"-84.83582"
"uppsala";"sweden";"2";"59.85882";"17.63889"
"alabama";"united states";"2";"43.09645";"-78.39086"
"hampton";"united states";"2";"39.42288";"-76.58469"
"brussels";"belgium";"2";"50.85045";"4.34878"
"bern";"switzerland";"2";"46.94809";"7.44744"
"trieste";"italy";"2";"45.64953";"13.77678"
"grangemouth";"united kingdom";"2";"56.01141";"-3.72183"
"baldwin";"united states";"2";"29.83798";"-91.54428"
"richland";"united states";"2";"37.85698";"-92.40434"
"clinton";"united states";"2";"38.36863";"-93.77827"
"yonkers";"united states";"2";"40.93121";"-73.89875"
"englewood";"united states";"2";"39.64777";"-104.98776"
"malibu";"united states";"2";"34.02577";"-118.7804"
"wimborne minster";"united kingdom";"2";"50.78333";"-1.98333"
"breda";"netherlands";"2";"51.58656";"4.77596"
"turin";"italy";"2";"45.07049";"7.68682"
"covington";"united states";"2";"30.47549";"-90.10042"
"göttingen";"germany";"2";"51.53443";"9.93228"
"white plains";"united states";"2";"41.03399";"-73.76291"
"monroe";"united states";"2";"41.52221";"-93.10187"
"saginaw";"united states";"2";"43.41947";"-83.95081"
"harrisburg";"united states";"2";"44.27401";"-123.17065"
"laurens";"united states";"2";"42.84664";"-94.85193"
"kelowna";"canada";"2";"49.88307";"-119.48568"
"oxnard";"united states";"2";"34.1975";"-119.17705"
"burlington";"canada";"2";"43.38621";"-79.83713"
"greensboro";"united states";"2";"38.97372";"-75.80493"
"minato";"japan";"2";"34.2152";"135.1501"
"new malden";"united kingdom";"2";"51.40065";"-0.2617"
"hounslow";"united kingdom";"2";"51.46839";"-0.36092"
"visp";"switzerland";"2";"46.2937";"7.88149"
"st. catharines";"canada";"2";"43.17126";"-79.24267"
"kingston upon hull";"united kingdom";"2";"53.7446";"-0.33525"
"barcelona";"spain";"2";"41.38879";"2.15899"
"bremen";"germany";"2";"53.07582";"8.80717"
"malmö";"sweden";"2";"55.60587";"13.00073"
"wiesbaden";"germany";"2";"50.08258";"8.24932"
"emden";"germany";"2";"53.36745";"7.20778"
"peterborough";"canada";"2";"44.30012";"-78.31623"
"santa rosa";"united states";"2";"34.93867";"-104.68249"
"moncton";"canada";"2";"46.09454";"-64.7965"
"greenville";"united states";"2";"37.12727";"-90.45011"
"kendal";"united kingdom";"2";"54.32681";"-2.74757"
"tromsø";"norway";"2";"69.6489";"18.95508"
"bielefeld";"germany";"2";"52.03333";"8.53333"
"leicester";"united kingdom";"2";"52.6386";"-1.13169"
"beaumont";"united states";"2";"30.08605";"-94.10185"
"hazlehurst";"united states";"2";"31.86963";"-82.5943"
"tyler";"united states";"2";"32.35126";"-95.30106"
"linz";"austria";"2";"48.30639";"14.28611"
"wichita";"united states";"2";"37.69224";"-97.33754"
"wynnewood";"united states";"2";"34.64342";"-97.16447"
"huntsville";"canada";"2";"45.33341";"-79.21632"
"meridian";"united states";"2";"43.61211";"-116.39151"
"lima";"united states";"2";"40.74255";"-84.10523"
"bethnal green";"united kingdom";"2";"51.52718";"-0.06109"
"ulm";"germany";"2";"48.39841";"9.99155"
"duncan";"united states";"2";"34.5023";"-97.95781"
"stamford";"united states";"2";"42.4073";"-74.61432"
"anaheim";"united states";"2";"33.83529";"-117.9145"
"nantes";"france";"2";"47.21725";"-1.55336"
"saarbrücken";"germany";"2";"49.23262";"7.00982"
"plumstead";"united kingdom";"2";"51.48333";"0.08333"
"lyon";"france";"2";"45.74846";"4.84671"
"lincoln";"united states";"2";"40.31896";"-79.85477"
"stoke-on-trent";"united kingdom";"2";"53.00415";"-2.18538"
"portsmouth";"united states";"2";"41.60232";"-71.25033"
"ripley";"united kingdom";"2";"51.29907";"-0.49164"
"monticello";"united states";"2";"36.82979";"-84.84911"
"kuopio";"finland";"2";"62.89238";"27.67703"
"kiel";"germany";"2";"54.32133";"10.13489"
"derry";"united kingdom";"2";"54.9981";"-7.30934"
"amherst";"canada";"2";"45.83345";"-64.19874"
"nacka";"sweden";"2";"59.31053";"18.16372"
"bray";"ireland";"2";"53.20278";"-6.09833"
"rosario";"argentina";"2";"-32.94682";"-60.63932"
"camberwell";"united kingdom";"2";"51.4739";"-0.09381"
"oslo";"norway";"2";"59.91273";"10.74609"
"alkmaar";"netherlands";"2";"52.63167";"4.74861"
"duisburg";"germany";"2";"51.43247";"6.76516"
"lake charles";"united states";"2";"30.21309";"-93.2044"
"brinkley";"united states";"2";"34.88787";"-91.19457"
"bethesda";"united states";"2";"38.98067";"-77.10026"
"greenwood";"united states";"2";"38.80706";"-75.59132"
"tucson";"united states";"2";"32.22174";"-110.92648"
"frankfurt am main";"germany";"2";"50.11552";"8.68417"
"westmount";"canada";"2";"45.48341";"-73.59918"
"belfast";"united kingdom";"2";"54.59682";"-5.92541"
"seminole";"united states";"2";"32.71899";"-102.64491"
"topeka";"united states";"2";"39.04833";"-95.67804"
"norfolk";"united states";"2";"42.11954";"-71.32506"
"toccoa";"united states";"2";"34.57732";"-83.33239"
"neuilly-sur-seine";"france";"2";"48.8846";"2.26965"
"quedlinburg";"germany";"2";"51.78843";"11.15006"
"west palm beach";"united states";"2";"26.71534";"-80.05337"
"texas city";"united states";"2";"29.38385";"-94.9027"
"brisbane";"australia";"2";"-27.46794";"153.02809"
"bad salzuflen";"germany";"2";"52.0862";"8.74434"
"glen cove";"united states";"2";"40.86232";"-73.63374"
"port arthur";"united states";"2";"29.88519";"-93.94233"
"mccomb";"united states";"2";"31.24379";"-90.45315"
"doylestown";"united states";"2";"40.31011";"-75.12989"
"amsterdam";"netherlands";"2";"52.37403";"4.88969"
"islington";"united kingdom";"2";"51.53622";"-0.10304"
"berwyn";"united states";"2";"40.04483";"-75.43881"
"champaign";"united states";"2";"40.11642";"-88.24338"
"princeton";"united states";"2";"40.34872";"-74.65905"
"leeds";"united kingdom";"2";"53.79648";"-1.54785"
"macon";"united states";"2";"39.71282";"-88.99702"
"wallsend";"united kingdom";"2";"54.99111";"-1.53397"
"portland";"united states";"2";"43.65737";"-70.2589"
"williamsburg";"united states";"2";"40.71427";"-73.95347"
"huntingdon";"united states";"2";"36.00062";"-88.42811"
"brookline";"united states";"2";"42.33176";"-71.12116"
"galveston";"united states";"2";"29.30135";"-94.7977"
"graz";"austria";"2";"47.06667";"15.45"
"halmstad";"sweden";"2";"56.67446";"12.85676"
"chatham";"united kingdom";"2";"51.37891";"0.52786"
"brighton";"united kingdom";"2";"50.82838";"-0.13947"
"syracuse";"united states";"2";"41.42783";"-85.75249"
"muskogee";"united states";"2";"35.74788";"-95.36969"
"sherman";"united states";"2";"39.89366";"-89.60482"
"el monte";"united states";"2";"34.06862";"-118.02757"
"jönköping";"sweden";"2";"57.78145";"14.15618"
"columbia";"united states";"2";"31.25184";"-89.83758"
"washington";"united kingdom";"2";"50.90487";"-0.40649"
"san diego";"united states";"2";"27.76391";"-98.2389"
"corsicana";"united states";"2";"32.09543";"-96.46887"
"coswig";"germany";"2";"51.13204";"13.58312"
"lubbock";"united states";"2";"33.57786";"-101.85517"
"newcastle upon tyne";"united kingdom";"2";"54.97328";"-1.61396"
"manchester";"united kingdom";"2";"53.48095";"-2.23743"
"inglewood";"united states";"2";"33.96168";"-118.35313"
"laguna hills";"united states";"2";"33.61252";"-117.71283"
"riverside";"united states";"2";"39.1775";"-94.61301"
"cordele";"united states";"2";"31.96351";"-83.78239"
"bonn";"germany";"2";"50.73438";"7.09549"
"indianola";"united states";"2";"47.74704";"-122.52569"
"mérida";"mexico";"2";"16.5675";"-93.81722"
"knoxville";"united states";"2";"35.96064";"-83.92074"
"belleville";"canada";"2";"44.16682";"-77.38277"
"gaspé";"canada";"1";"48.83341";"-64.48194"
"decatur";"united states";"1";"34.60593";"-86.98334"
"annapolis";"united states";"1";"38.97859";"-76.49184"
"dorfen";"germany";"1";"48.27037";"12.16056"
"altus";"united states";"1";"34.63813";"-99.33398"
"penticton";"canada";"1";"49.48062";"-119.58584"
"zoetermeer";"netherlands";"1";"52.0575";"4.49306"
"kissidougou";"guinea";"1";"9.1848";"-10.09987"
"kongsberg";"norway";"1";"59.66858";"9.65017"
"fort knox";"united states";"1";"37.89113";"-85.96363"
"san benito";"united states";"1";"26.13258";"-97.6311"
"birkenhead";"united kingdom";"1";"53.39337";"-3.01479"
"cambuslang";"united kingdom";"1";"55.80966";"-4.16096"
"goro";"italy";"1";"44.8515";"12.29651"
"busto arsizio";"italy";"1";"45.61128";"8.84914"
"redruth";"united kingdom";"1";"50.23315";"-5.22434"
"gorzów wielkopolski";"poland";"1";"52.73679";"15.22878"
"sedona";"united states";"1";"34.86974";"-111.76099"
"rossville";"united states";"1";"34.98313";"-85.28607"
"nérac";"france";"1";"44.13597";"0.33844"
"borgerhout";"belgium";"1";"51.20957";"4.43539"
"jersey city";"united states";"1";"40.72816";"-74.07764"
"witham";"united kingdom";"1";"51.80007";"0.64038"
"makassar";"indonesia";"1";"-5.14861";"119.43194"
"natchitoches";"united states";"1";"31.76072";"-93.08627"
"dawson";"united states";"1";"44.93274";"-96.05448"
"gardelegen";"germany";"1";"52.5252";"11.39523"
"owatonna";"united states";"1";"44.08385";"-93.22604"
"bridport";"united kingdom";"1";"50.7338";"-2.75831"
"plant city";"united states";"1";"28.01888";"-82.11469"
"winchester";"united states";"1";"39.62977";"-90.45624"
"claremore";"united states";"1";"36.3126";"-95.61609"
"old town";"united states";"1";"44.93423";"-68.64531"
"venice";"italy";"1";"45.43713";"12.33265"
"riom";"france";"1";"45.89362";"3.11264"
"chingford";"united kingdom";"1";"51.63033";"0.00051"
"bromborough";"united kingdom";"1";"53.3485";"-2.97935"
"newnan";"united states";"1";"33.38067";"-84.79966"
"thunder bay";"canada";"1";"48.38202";"-89.25018"
"billingham";"united kingdom";"1";"54.58881";"-1.29034"
"sandefjord";"norway";"1";"59.13118";"10.21665"
"texarkana";"united states";"1";"33.44179";"-94.03769"
"bebington";"united kingdom";"1";"53.35";"-3.01667"
"forrest city";"united states";"1";"35.00815";"-90.78983"
"natchez";"united states";"1";"31.56017";"-91.40329"
"fernie";"canada";"1";"49.49996";"-115.06871"
"el dorado";"united states";"1";"33.20763";"-92.66627"
"teddington";"united kingdom";"1";"51.42233";"-0.33053"
"pierrefonds";"france";"1";"49.34878";"2.9779"
"odense";"denmark";"1";"55.39594";"10.38831"
"bellingham";"united states";"1";"48.75955";"-122.48822"
"gijón";"spain";"1";"43.53573";"-5.66152"
"bietigheim-bissingen";"germany";"1";"48.94407";"9.11755"
"seguin";"united states";"1";"29.56884";"-97.96473"
"waterlooville";"united kingdom";"1";"50.88067";"-1.0304"
"chillicothe";"united states";"1";"39.33312";"-82.9824"
"kalamazoo";"united states";"1";"42.29171";"-85.58723"
"geel";"belgium";"1";"51.16557";"4.98917"
"coatepec";"mexico";"1";"18.66754";"-98.55987"
"bathurst";"canada";"1";"47.61814";"-65.65112"
"iowa city";"united states";"1";"41.66113";"-91.53017"
"necton";"united kingdom";"1";"52.64994";"0.77539"
"gloucester";"united kingdom";"1";"51.86568";"-2.2431"
"santo antônio de jesus";"brazil";"1";"-12.96889";"-39.26139"
"orpington";"united kingdom";"1";"51.37457";"0.09785"
"walton-on-thames";"united kingdom";"1";"51.38678";"-0.41319"
"delft";"netherlands";"1";"52.00667";"4.35556"
"forlì";"italy";"1";"44.22177";"12.04144"
"wallasey";"united kingdom";"1";"53.42324";"-3.06497"
"issy-les-moulineaux";"france";"1";"48.82104";"2.27718"
"tryon";"united states";"1";"35.33986";"-81.32203"
"rothenburg ob der tauber";"germany";"1";"49.37885";"10.18711"
"burnaby";"canada";"1";"49.26636";"-122.95263"
"hempstead";"united states";"1";"40.70621";"-73.61874"
"bonheiden";"belgium";"1";"51.02261";"4.54714"
"centerville";"united states";"1";"41.64872";"-70.34808"
"timmins";"canada";"1";"48.46686";"-81.33312"
"nieppe";"france";"1";"50.70425";"2.83506"
"tuskegee";"united states";"1";"32.42415";"-85.69096"
"ystrad mynach";"united kingdom";"1";"51.64276";"-3.2362"
"rock island";"united states";"1";"41.50948";"-90.57875"
"inverness";"united states";"1";"32.01488";"-85.74606"
"marksville";"united states";"1";"31.12797";"-92.06624"
"hahira";"united states";"1";"30.99131";"-83.37266"
"auckland";"new zealand";"1";"-36.84853";"174.76349"
"morden";"canada";"1";"49.1919";"-98.10136"
"hénin-beaumont";"france";"1";"50.41359";"2.96485"
"williams";"united states";"1";"42.21873";"-123.27394"
"amory";"united states";"1";"33.98428";"-88.4881"
"burbank";"united states";"1";"41.73392";"-87.7795"
"ermelo";"south africa";"1";"-26.53333";"29.98333"
"miami beach";"united states";"1";"25.79065";"-80.13005"
"bluefield";"united states";"1";"37.26984";"-81.22232"
"west allis";"united states";"1";"43.01668";"-88.00703"
"carrick-on-suir";"ireland";"1";"52.34917";"-7.41306"
"santa fe";"argentina";"1";"-31.64881";"-60.70868"
"valparaíso";"chile";"1";"-33.036";"-71.62963"
"quebec";"canada";"1";"46.81228";"-71.21454"
"masterton";"new zealand";"1";"-40.95972";"175.6575"
"winona";"united states";"1";"44.04996";"-91.63932"
"bremerhaven";"germany";"1";"53.53615";"8.59298"
"torrance";"united states";"1";"33.83585";"-118.34063"
"oneonta";"united states";"1";"42.45286";"-75.06377"
"lebanon";"united states";"1";"37.6806";"-92.66379"
"pawnee city";"united states";"1";"40.10833";"-96.15445"
"eversley";"united kingdom";"1";"51.35387";"-0.88888"
"faenza";"italy";"1";"44.29007";"11.87948"
"aalborg";"denmark";"1";"57.048";"9.9187"
"bagneux";"france";"1";"48.79565";"2.30796"
"victoria";"canada";"1";"48.4359";"-123.35155"
"new braunfels";"united states";"1";"29.703";"-98.12445"
"lisbon";"portugal";"1";"38.71667";"-9.13333"
"bega";"australia";"1";"-36.67392";"149.84178"
"auburn";"united states";"1";"42.19454";"-71.83563"
"benešov";"czech republic";"1";"49.78162";"14.68697"
"molde";"norway";"1";"62.73752";"7.15912"
"poulton-le-fylde";"united kingdom";"1";"53.83333";"-2.98333"
"silver spring";"united states";"1";"38.99067";"-77.02609"
"port clinton";"united states";"1";"41.512";"-82.93769"
"ystad";"sweden";"1";"55.42966";"13.82041"
"rupperswil";"switzerland";"1";"47.40131";"8.12877"
"southgate";"united kingdom";"1";"51.56944";"-4.08972"
"schöneberg";"germany";"1";"52.46667";"13.35"
"rostock";"germany";"1";"54.0887";"12.14049"
"montpelier";"united states";"1";"42.32215";"-111.2977"
"hatfield";"united kingdom";"1";"53.57788";"-0.99924"
"juiz de fora";"brazil";"1";"-21.76417";"-43.35028"
"salem";"united states";"1";"36.37118";"-91.82265"
"huntington beach";"united states";"1";"33.6603";"-117.99923"
"kingsville";"united states";"1";"39.44872";"-76.41774"
"plymouth";"united kingdom";"1";"50.37153";"-4.14305"
"bishopbriggs";"united kingdom";"1";"55.90669";"-4.21869"
"annweiler am trifels";"germany";"1";"49.20613";"7.97527"
"ciboure";"france";"1";"43.38488";"-1.66817"
"pavia";"italy";"1";"45.19205";"9.15917"
"nagoya";"japan";"1";"35.18147";"136.90641"
"toruń";"poland";"1";"53.01375";"18.59814"
"dover";"united states";"1";"36.48783";"-87.83836"
"whiston";"united kingdom";"1";"53.40851";"-1.3151"
"monroeville";"united states";"1";"41.24422";"-82.69629"
"oildale";"united states";"1";"35.41968";"-119.01955"
"eschwege";"germany";"1";"51.18386";"10.05329"
"bogotá";"colombia";"1";"4.60971";"-74.08175"
"crossville";"united states";"1";"34.28759";"-85.99414"
"thousand oaks";"united states";"1";"34.17056";"-118.83759"
"lake forest";"united states";"1";"25.97759";"-80.1831"
"gütersloh";"germany";"1";"51.90693";"8.37853"
"tallinn";"estonia";"1";"59.43696";"24.75353"
"bay city";"united states";"1";"28.98276";"-95.9694"
"latina";"italy";"1";"41.46614";"12.9043"
"wheaton";"united states";"1";"39.03983";"-77.05526"
"dumfries";"united kingdom";"1";"55.06959";"-3.61139"
"navasota";"united states";"1";"30.38798";"-96.08773"
"nashua";"united states";"1";"42.95275";"-92.5363"
"winnweiler";"germany";"1";"49.56667";"7.85"
"lagonegro";"italy";"1";"40.12785";"15.76212"
"cottage grove";"united states";"1";"43.07611";"-89.19956"
"southport";"united kingdom";"1";"53.64581";"-3.01008"
"south bend";"united states";"1";"46.66315";"-123.80461"
"düren";"germany";"1";"50.80434";"6.49299"
"santo amaro";"brazil";"1";"-12.54667";"-38.71194"
"trogen";"switzerland";"1";"47.40782";"9.46498"
"huntington";"united states";"1";"38.79234";"-77.07081"
"marseille";"france";"1";"43.29695";"5.38107"
"orangeburg";"united states";"1";"41.04649";"-73.94958"
"cedar grove";"united states";"1";"30.17103";"-85.6252"
"bogalusa";"united states";"1";"30.79102";"-89.84869"
"cobham";"united kingdom";"1";"51.32997";"-0.4113"
"colfax";"united states";"1";"40.56698";"-88.61645"
"perpignan";"france";"1";"42.69764";"2.89541"
"folkestone";"united kingdom";"1";"51.08169";"1.16734"
"barnet";"united kingdom";"1";"51.65";"-0.2"
"rockingham";"united states";"1";"43.18758";"-72.48898"
"hemmoor";"germany";"1";"53.68702";"9.15492"
"rocky mount";"united states";"1";"36.99764";"-79.89198"
"villa rica";"united states";"1";"33.73205";"-84.91911"
"ditzingen";"germany";"1";"48.82672";"9.06703"
"münsingen";"germany";"1";"48.41126";"9.49704"
"vantaa";"finland";"1";"60.29414";"25.04099"
"coral gables";"united states";"1";"25.72149";"-80.26838"
"wheeling";"united states";"1";"42.13919";"-87.92896"
"fresno";"united states";"1";"36.74773";"-119.77237"
"sulkava";"finland";"1";"61.78691";"28.37299"
"chennai";"india";"1";"13.08784";"80.27847"
"groveton";"united states";"1";"44.59867";"-71.5112"
"visalia";"united states";"1";"36.33023";"-119.29206"
"pontypridd";"united kingdom";"1";"51.6021";"-3.34211"
"chichester";"united kingdom";"1";"50.83673";"-0.78003"
"irará";"brazil";"1";"-12.05";"-38.76667"
"durant";"united states";"1";"33.99399";"-96.37082"
"roosevelt";"united states";"1";"40.2994";"-109.98876"
"toledo";"united states";"1";"41.66394";"-83.55521"
"newport";"united states";"1";"47.57121";"-122.18068"
"tabor city";"united states";"1";"34.14878";"-78.87669"
"virrat";"finland";"1";"62.24759";"23.78004"
"south orange";"united states";"1";"40.74899";"-74.26126"
"barstow";"united states";"1";"34.89859";"-117.02282"
"weida";"germany";"1";"50.77449";"12.06028"
"brawley";"united states";"1";"32.97866";"-115.53027"
"carle place";"united states";"1";"40.7526";"-73.61041"
"fort lauderdale";"united states";"1";"26.12231";"-80.14338"
"kingsport";"united states";"1";"36.54843";"-82.56182"
"saint john";"canada";"1";"45.27076";"-66.05616"
"goshen";"united states";"1";"36.35106";"-119.42012"
"cambridge bay";"canada";"1";"69.11489";"-105.05484"
"montrouge";"france";"1";"48.8162";"2.31393"
"guildford";"united kingdom";"1";"51.23536";"-0.57427"
"wednesbury";"united kingdom";"1";"52.5514";"-2.02355"
"hadano";"japan";"1";"35.37111";"139.22361"
"vance";"united states";"1";"33.17428";"-87.23361"
"kolari";"finland";"1";"67.33047";"23.77785"
"aledo";"united states";"1";"32.69596";"-97.60225"
"obertshausen";"germany";"1";"50.07139";"8.85123"
"hornsey";"united kingdom";"1";"51.58752";"-0.12204"
"linden";"united states";"1";"33.01235";"-94.36547"
"saitama";"japan";"1";"35.90807";"139.65657"
"bushey";"united kingdom";"1";"51.64316";"-0.36053"
"norwich";"united kingdom";"1";"52.62783";"1.29834"
"vicksburg";"united states";"1";"42.12005";"-85.53278"
"walnut ridge";"united states";"1";"36.0684";"-90.95595"
"perry";"united states";"1";"42.82642";"-84.21941"
"apeldoorn";"netherlands";"1";"52.21";"5.96944"
"littlefield";"united states";"1";"33.91731";"-102.3249"
"savanna";"united states";"1";"42.09447";"-90.15679"
"west monroe";"united states";"1";"41.91393";"-83.4316"
"fortaleza";"brazil";"1";"-3.71722";"-38.54306"
"wildeshausen";"germany";"1";"52.89446";"8.43375"
"herford";"germany";"1";"52.11457";"8.67343"
"barrington";"united states";"1";"41.74066";"-71.30866"
"montrose";"united states";"1";"41.25232";"-73.93153"
"san luis obispo";"united states";"1";"35.28275";"-120.65962"
"maud";"united states";"1";"35.13036";"-96.77585"
"rathenow";"germany";"1";"52.60659";"12.33696"
"okemah";"united states";"1";"35.43259";"-96.30501"
"newhaven";"united kingdom";"1";"50.79693";"0.05545"
"karlstad";"sweden";"1";"59.3793";"13.50357"
"tours";"france";"1";"47.39484";"0.70398"
"nattheim";"germany";"1";"48.69963";"10.24209"
"roncocesi";"italy";"1";"44.73843";"10.57816"
"asheville";"united states";"1";"35.60095";"-82.55402"
"ocean city";"united states";"1";"39.27762";"-74.5746"
"bamako";"mali";"1";"12.65";"-8.0"
"slough";"united kingdom";"1";"51.50949";"-0.59541"
"vidor";"united states";"1";"30.1316";"-94.01545"
"fontana";"united states";"1";"34.09223";"-117.43505"
"mercer";"united states";"1";"41.227";"-80.23979"
"kitee";"finland";"1";"62.1";"30.15"
"porvoo";"finland";"1";"60.39233";"25.66507"
"petersburg";"united states";"1";"41.90116";"-83.71494"
"gronau";"germany";"1";"52.21099";"7.02238"
"usingen";"germany";"1";"50.33554";"8.53688"
"prüm";"germany";"1";"50.20785";"6.42019"
"milford";"united states";"1";"40.62837";"-87.69614"
"karlsruhe";"germany";"1";"49.00937";"8.40444"
"livingston";"united states";"1";"36.3834";"-85.32302"
"jefferson";"united states";"1";"39.36205";"-77.53165"
"harlow";"united kingdom";"1";"51.77655";"0.11158"
"prestwich";"united kingdom";"1";"53.53333";"-2.28333"
"san carlos";"chile";"1";"-36.42477";"-71.958"
"watford";"united kingdom";"1";"51.65531";"-0.39602"
"jaipur";"india";"1";"26.91962";"75.78781"
"aschersleben";"germany";"1";"51.75742";"11.46084"
"grenada";"united states";"1";"33.769";"-89.80842"
"lübeck";"germany";"1";"53.86893";"10.68729"
"bordeaux";"france";"1";"44.84044";"-0.5805"
"hampstead";"united states";"1";"39.60483";"-76.84998"
"porirua";"new zealand";"1";"-41.13333";"174.85"
"dundee";"united kingdom";"1";"56.46913";"-2.97489"
"budapest";"hungary";"1";"47.49835";"19.04045"
"limerick";"ireland";"1";"52.66472";"-8.62306"
"cheltenham";"united kingdom";"1";"51.90006";"-2.07972"
"perth amboy";"united states";"1";"40.50677";"-74.26542"
"fort recovery";"united states";"1";"40.41282";"-84.77635"
"elmhurst";"united states";"1";"40.73649";"-73.87791"
"south wentworthville";"australia";"1";"-33.8185";"150.96344"
"darby";"united states";"1";"39.91845";"-75.25907"
"teaneck";"united states";"1";"40.8976";"-74.01597"
"cordell";"united states";"1";"35.29061";"-98.98841"
"syosset";"united states";"1";"40.82621";"-73.50207"
"collingswood";"united states";"1";"39.91817";"-75.07128"
"great yarmouth";"united kingdom";"1";"52.60831";"1.73052"
"haverhill";"united states";"1";"42.7762";"-71.07728"
"ukiah";"united states";"1";"39.15017";"-123.20778"
"valinhos";"brazil";"1";"-22.97056";"-46.99583"
"alençon";"france";"1";"48.43476";"0.09311"
"straubing";"germany";"1";"48.88126";"12.57385"
"calais";"france";"1";"50.95194";"1.85635"
"batley";"united kingdom";"1";"53.70291";"-1.6337"
"mora";"sweden";"1";"61.00704";"14.54316"
"erlangen";"germany";"1";"49.59099";"11.00783"
"virginia beach";"united states";"1";"36.85293";"-75.97799"
"veracruz";"mexico";"1";"19.18095";"-96.1429"
"linton";"united states";"1";"39.03477";"-87.16585"
"youngstown";"united states";"1";"43.24728";"-79.05005"
"hinckley";"united kingdom";"1";"52.5389";"-1.37613"
"belzoni";"united states";"1";"33.18429";"-90.48926"
"palermo";"italy";"1";"38.1166";"13.3636"
"svidník";"slovakia";"1";"49.30819";"21.5703"
"stourport-on-severn";"united kingdom";"1";"52.33976";"-2.28034"
"aguadilla";"puerto rico";"1";"18.42745";"-67.15407"
"mikołów";"poland";"1";"50.17103";"18.9041"
"tampere";"finland";"1";"61.49911";"23.78712"
"dortmund";"germany";"1";"51.51494";"7.466"
"farnborough";"united kingdom";"1";"51.29424";"-0.75565"
"roxbury";"united states";"1";"43.24943";"-89.6754"
"logansport";"united states";"1";"31.97545";"-93.99797"
"scottsbluff";"united states";"1";"41.86663";"-103.66717"
"frederiksberg";"denmark";"1";"55.41618";"11.56934"
"stone mountain";"united states";"1";"33.80816";"-84.1702"
"ashford";"united kingdom";"1";"51.43173";"-0.45761"
"helena-west helena";"united states";"1";"34.5291";"-90.59"
"zachary";"united states";"1";"30.64852";"-91.1565"
"caledon";"canada";"1";"43.86544";"-79.99322"
"belford roxo";"brazil";"1";"-22.76417";"-43.39944"
"eureka";"united states";"1";"39.51271";"-115.96061"
"rutland";"united states";"1";"42.36954";"-71.94813"
"pickering";"canada";"1";"43.90012";"-79.13289"
"santa cruz";"united states";"1";"36.97412";"-122.0308"
"clearwater";"united states";"1";"37.5028";"-97.50449"
"boulogne-billancourt";"france";"1";"48.83545";"2.24128"
"sønderborg";"denmark";"1";"54.90896";"9.78917"
"grand prairie";"united states";"1";"32.74596";"-96.99778"
"espoo";"finland";"1";"60.2052";"24.6522"
"vaasa";"finland";"1";"63.096";"21.61577"
"denizli";"turkey";"1";"37.77417";"29.0875"
"bowling green";"united states";"1";"38.04958";"-77.34665"
"kennett";"united states";"1";"36.23618";"-90.05565"
"adelaide";"australia";"1";"-34.92866";"138.59863"
"guadalajara";"mexico";"1";"20.66682";"-103.39182"
"rimini";"italy";"1";"44.05755";"12.56528"
"tampa";"united states";"1";"27.94752";"-82.45843"
"sangre grande";"trinidad and tobago";"1";"10.58705";"-61.13008"
"ilpendam";"netherlands";"1";"52.46333";"4.95"
"dry ridge";"united states";"1";"38.68201";"-84.58994"
"west wickham";"united kingdom";"1";"51.36667";"-0.01667"
"dagenham";"united kingdom";"1";"51.55";"0.16667"
"wels";"austria";"1";"48.16667";"14.03333"
"hernando";"united states";"1";"34.82399";"-89.9937"
"maysville";"united states";"1";"34.25288";"-83.56155"
"black mountain";"united states";"1";"35.6179";"-82.32123"
"cachoeiro de itapemirim";"brazil";"1";"-20.84889";"-41.11278"
"beloit";"united states";"1";"39.45612";"-98.10616"
"highgate";"united kingdom";"1";"51.56565";"-0.15904"
"brecon";"united kingdom";"1";"51.94612";"-3.38887"
"great bookham";"united kingdom";"1";"51.27916";"-0.37423"
"steventon";"united kingdom";"1";"51.62473";"-1.32145"
"hillingdon";"united kingdom";"1";"51.53291";"-0.45293"
"nice";"france";"1";"43.70313";"7.26608"
"livonia";"united states";"1";"30.55908";"-91.55594"
"setúbal";"portugal";"1";"38.5244";"-8.8882"
"littleton";"united states";"1";"44.30617";"-71.77009"
"maynardville";"united states";"1";"36.25064";"-83.79741"
"bobingen";"germany";"1";"48.27091";"10.8339"
"ozark";"united states";"1";"31.45906";"-85.64049"
"vernon";"united states";"1";"33.75705";"-88.10892"
"brandenburg an der havel";"germany";"1";"52.41667";"12.55"
"wentorf bei hamburg";"germany";"1";"53.5";"10.25"
"cayce";"united states";"1";"33.96571";"-81.07398"
"scranton";"united states";"1";"41.40916";"-75.6649"
"arklow";"ireland";"1";"52.79443";"-6.14958"
"todmorden";"united kingdom";"1";"53.71434";"-2.09701"
"baarlo";"netherlands";"1";"51.33083";"6.09444"
"marianna";"united states";"1";"34.77371";"-90.75761"
"lissone";"italy";"1";"45.61236";"9.23985"
"breaux bridge";"united states";"1";"30.27353";"-91.89928"
"bromley";"united kingdom";"1";"51.40606";"0.01519"
"leiden";"netherlands";"1";"52.15833";"4.49306"
"van nuys";"united states";"1";"34.18667";"-118.44897"
"serra negra";"brazil";"1";"-22.61222";"-46.70056"
"ravensdale";"united states";"1";"47.35232";"-121.98373"
"breklum";"germany";"1";"54.6";"8.98333"
"phillipsburg";"united states";"1";"40.69371";"-75.19018"
"bexley";"united kingdom";"1";"51.44162";"0.14866"
"pointe-à-pitre";"guadeloupe";"1";"16.24125";"-61.53614"
"belém";"brazil";"1";"-1.45583";"-48.50444"
"tel aviv";"israel";"1";"32.08088";"34.78057"
"braunschweig";"germany";"1";"52.26594";"10.52673"
"kirn";"germany";"1";"49.78912";"7.45765"
"hoboken";"united states";"1";"40.74399";"-74.03236"
"biel/bienne";"switzerland";"1";"47.13713";"7.24608"
"schwelm";"germany";"1";"51.28635";"7.29388"
"canonsburg";"united states";"1";"40.26257";"-80.18728"
"grafenau";"germany";"1";"48.71427";"8.91219"
"orós";"brazil";"1";"-6.24444";"-38.91361"
"genoa";"italy";"1";"44.40478";"8.94439"
"lovejoy";"united states";"1";"33.43622";"-84.31437"
"florence";"italy";"1";"43.77925";"11.24626"
"brunswick";"united states";"1";"34.28684";"-78.70113"
"durham";"united states";"1";"43.13397";"-70.92645"
"mansfield";"united states";"1";"40.75839";"-82.51545"
"pinner";"united kingdom";"1";"51.59384";"-0.38216"
"tupelo";"united states";"1";"34.25807";"-88.70464"
"sunderland";"united kingdom";"1";"54.90465";"-1.38222"
"long branch";"united states";"1";"40.30428";"-73.99236"
"kópavogur";"iceland";"1";"64.11234";"-21.91298"
"finchley";"united kingdom";"1";"51.60096";"-0.19518"
"corvallis";"united states";"1";"44.56457";"-123.26204"
"gweedore";"ireland";"1";"55.05028";"-8.23194"
"bochum";"germany";"1";"51.48165";"7.21648"
"täby";"sweden";"1";"59.4439";"18.06872"
"woodbridge";"united kingdom";"1";"52.09332";"1.32042"
"oakdale";"united states";"1";"40.99203";"-75.9202"
"chester";"united states";"1";"37.35682";"-77.44165"
"leytonstone";"united kingdom";"1";"51.56856";"0.00768"
"broughton";"united kingdom";"1";"52.37331";"-0.77493"
"stendal";"germany";"1";"52.6069";"11.85867"
"robertsfors";"sweden";"1";"64.19324";"20.84806"
"eisenhüttenstadt";"germany";"1";"52.15";"14.65"
"cannock";"united kingdom";"1";"52.69045";"-2.03085"
"paisley";"united kingdom";"1";"55.83173";"-4.43254"
"siena";"italy";"1";"43.31822";"11.33064"
"monghidoro";"italy";"1";"44.22327";"11.32331"
"verona";"italy";"1";"45.4299";"10.98444"
"mount clemens";"united states";"1";"42.59726";"-82.87798"
"ada";"united states";"1";"47.29969";"-96.51535"
"reykjavík";"iceland";"1";"64.13548";"-21.89541"
"wetzlar";"germany";"1";"50.56109";"8.50495"
"roanoke";"united states";"1";"33.00401";"-97.22585"
"lymington";"united kingdom";"1";"50.75767";"-1.5443"
"lihue";"united states";"1";"21.98121";"-159.3721"
"marbach am neckar";"germany";"1";"48.93964";"9.25995"
"battle creek";"united states";"1";"42.3173";"-85.17816"
"verwood";"united kingdom";"1";"50.87575";"-1.87023"
"orillia";"canada";"1";"44.60868";"-79.42068"
"skegness";"united kingdom";"1";"53.14362";"0.3363"
"salford";"united kingdom";"1";"53.48771";"-2.29042"
"tacoma";"united states";"1";"47.25288";"-122.44429"
"sabina";"united states";"1";"39.48867";"-83.63687"
"bridgetown";"united states";"1";"39.15311";"-84.63717"
"glückstadt";"germany";"1";"53.78893";"9.42576"
"sinsheim";"germany";"1";"49.2529";"8.87867"
"hattiesburg";"united states";"1";"31.32712";"-89.29034"
"sète";"france";"1";"43.4028";"3.69278"
"malone";"united states";"1";"30.95769";"-85.16215"
"pamiers";"france";"1";"43.1165";"1.61079"
"bergamo";"italy";"1";"45.69601";"9.66721"
"dún laoghaire";"ireland";"1";"53.29395";"-6.13586"
"duluth";"united states";"1";"46.78327";"-92.10658"
"bolton";"united states";"1";"42.43343";"-71.60784"
"cochran";"united states";"1";"32.38683";"-83.35461"
"jenkins";"united states";"1";"37.17344";"-82.63099"
"thomson";"united states";"1";"33.47069";"-82.50457"
"kilburn";"united kingdom";"1";"53.0058";"-1.43869"
"tipton";"united states";"1";"38.65558";"-92.77992"
"hartford";"united states";"1";"43.36368";"-73.39372"
"norwalk";"united states";"1";"41.47555";"-93.67883"
"brenham";"united states";"1";"30.16688";"-96.39774"
"osnabrück";"germany";"1";"52.27264";"8.0498"
"hartwell";"united states";"1";"34.35288";"-82.93209"
"kannapolis";"united states";"1";"35.48736";"-80.62173"
"spokane";"united states";"1";"47.65966";"-117.42908"
"waverly";"united states";"1";"42.72581";"-92.47546"
"pisa";"italy";"1";"43.70853";"10.4036"
"oak park";"united states";"1";"38.30562";"-85.69635"
"järvenpää";"finland";"1";"60.47369";"25.08992"
"kitchener";"canada";"1";"43.42537";"-80.5112"
"mount vernon";"united states";"1";"37.93227";"-87.89503"
"eden";"united states";"1";"36.48847";"-79.7667"
"medford";"united states";"1";"45.13858";"-90.34014"
"labrador city";"canada";"1";"52.94626";"-66.91137"
"peoria";"united states";"1";"33.5806";"-112.23738"
"kosciusko";"united states";"1";"33.058";"-89.58956"
"henagar";"united states";"1";"34.63508";"-85.76719"
"manila";"philippines";"1";"14.6042";"120.9822"
"maine";"united states";"1";"45.02716";"-89.69039"
"shaw";"united states";"1";"33.60211";"-90.77458"
"aydın";"turkey";"1";"37.84501";"27.83963"
"charleston";"united states";"1";"45.08506";"-69.04059"
"zagreb";"croatia";"1";"45.81444";"15.97798"
"pottstown";"united states";"1";"40.24537";"-75.64963"
"cisco";"united states";"1";"32.38819";"-98.97923"
"edwards";"united states";"1";"39.64499";"-106.5942"
"downey";"united states";"1";"33.94001";"-118.13257"
"concord";"united states";"1";"37.34264";"-78.97502"
"narbonne";"france";"1";"43.18396";"3.00141"
"cardiff";"united kingdom";"1";"51.48";"-3.18"
"calvert";"united states";"1";"30.97797";"-96.67386"
"el centro";"united states";"1";"32.792";"-115.56305"
"staßfurt";"germany";"1";"51.85186";"11.58508"
"naples";"united states";"1";"42.61535";"-77.40249"
"tamaulipas";"mexico";"1";"15.77189";"-93.40718"
"lexington";"united states";"1";"35.01479";"-97.33558"
"staveley";"united kingdom";"1";"54.37661";"-2.81791"
"middlesbrough";"united kingdom";"1";"54.57623";"-1.23483"
"wilmington";"united states";"1";"42.54648";"-71.17367"
"exeter";"united kingdom";"1";"50.7236";"-3.52751"
"baton rouge";"united states";"1";"30.44332";"-91.18747"
"vannes";"france";"1";"47.65688";"-2.76205"
"erfurt";"germany";"1";"50.9787";"11.03283"
"suffern";"united states";"1";"41.11482";"-74.14959"
"gold coast";"australia";"1";"-28.00029";"153.43088"
"edwards air force base";"united states";"1";"34.91637";"-117.93535"
"chelsea";"united states";"1";"43.98979";"-72.4476"
"wriezen";"germany";"1";"52.72091";"14.13425"
"des moines";"united states";"1";"41.60054";"-93.60911"
"luttrell";"united states";"1";"36.19953";"-83.74185"
"anniston";"united states";"1";"33.65983";"-85.83163"
"garland";"united states";"1";"45.0384";"-69.16032"
"indiana";"united states";"1";"40.62146";"-79.15253"
"brixton";"united kingdom";"1";"50.35";"-4.03333"
"ziębice";"poland";"1";"50.60122";"17.04065"
"new rochelle";"united states";"1";"40.91149";"-73.78235"
"tuscaloosa";"united states";"1";"33.20984";"-87.56917"
"sharonville";"united states";"1";"39.26811";"-84.41327"
"offenburg";"germany";"1";"48.47377";"7.94495"
"polignano a mare";"italy";"1";"40.99221";"17.22149"
"hawthorne";"united states";"1";"40.94926";"-74.15375"
"central city";"united states";"1";"33.44001";"-112.05805"
"ventura";"united states";"1";"34.27834";"-119.29317"
"floydada";"united states";"1";"33.98452";"-101.33766"
"dumbarton";"united states";"1";"37.60376";"-77.49137"
"passaic";"united states";"1";"40.85677";"-74.12848"
"san fernando";"spain";"1";"36.4759";"-6.19817"
"lentate sul seveso";"italy";"1";"45.67637";"9.11774"
"tullamore";"ireland";"1";"53.27389";"-7.48889"
"vallejo";"united states";"1";"38.10409";"-122.25664"
"hebden bridge";"united kingdom";"1";"53.74093";"-2.01337"
"albert lea";"united states";"1";"43.64801";"-93.36827"
"tübingen";"germany";"1";"48.52266";"9.05222"
"blackburn";"united kingdom";"1";"57.20376";"-2.28842"
"new westminster";"canada";"1";"49.20678";"-122.91092"
"epping";"united kingdom";"1";"51.69815";"0.11055"
"saltburn-by-the-sea";"united kingdom";"1";"54.58237";"-0.97367"
"edirne";"turkey";"1";"41.67719";"26.55597"
"dartford";"united kingdom";"1";"51.44657";"0.21423"
"niterói";"brazil";"1";"-22.88333";"-43.10361"
"sale";"united kingdom";"1";"53.42519";"-2.32443"
"herrin";"united states";"1";"37.80311";"-89.02757"
"saco";"united states";"1";"43.50092";"-70.44283"
"san marino";"united states";"1";"34.1214";"-118.10646"
"humble";"united states";"1";"29.99883";"-95.26216"
"modena";"italy";"1";"44.64783";"10.92539"
"steubenville";"united states";"1";"40.36979";"-80.63396"
"hackensack";"united states";"1";"40.88593";"-74.04347"
"michigan city";"united states";"1";"41.70754";"-86.89503"
"boulder";"united states";"1";"46.23659";"-112.12083"
"albuquerque";"united states";"1";"35.08449";"-106.65114"
"ostfildern";"germany";"1";"48.72704";"9.24954"
"wickede";"germany";"1";"51.4964";"7.86587"
"pontiac";"united states";"1";"42.63892";"-83.29105"
"pine bluff";"united states";"1";"34.22843";"-92.0032"
"opelika";"united states";"1";"32.64541";"-85.37828"
"fairfield";"united states";"1";"41.00863";"-91.96267"
"hilversum";"netherlands";"1";"52.22333";"5.17639"
"seymour";"united states";"1";"44.82663";"-91.43127"
"jarrow";"united kingdom";"1";"54.98036";"-1.48423"
"kings park";"united states";"1";"40.88621";"-73.25734"
"chardon";"united states";"1";"41.61422";"-81.14899"
"forest hills";"united states";"1";"40.71621";"-73.85014"
"solihull";"united kingdom";"1";"52.41426";"-1.78094"
"frimley";"united kingdom";"1";"51.31667";"-0.74544"
"hastings";"united kingdom";"1";"50.85519";"0.57292"
"willington";"united kingdom";"1";"52.13409";"-0.37235"
"coney island";"united states";"1";"40.57788";"-73.99403"
"kingsland";"united states";"1";"30.79996";"-81.68983"
"colombia";"colombia";"1";"3.37606";"-74.8015"
"courtenay";"france";"1";"48.03901";"3.05851"
"east elmhurst";"united states";"1";"40.76121";"-73.86514"
"boca raton";"united states";"1";"26.35869";"-80.0831"
"sayreville";"united states";"1";"40.45927";"-74.36098"
"versailles";"france";"1";"48.80359";"2.13424"
"anderson";"united states";"1";"34.50344";"-82.65013"
"bakersfield";"united states";"1";"35.37329";"-119.01871"
"fort macleod";"canada";"1";"49.71671";"-113.41857"
"fargo";"united states";"1";"46.87719";"-96.7898"
"blackheath";"united kingdom";"1";"51.4647";"0.0079"
"holloway";"united kingdom";"1";"51.55237";"-0.12497"
"forest";"united states";"1";"37.36375";"-79.28975"
"levittown";"united states";"1";"40.15511";"-74.82877"
"ruleville";"united states";"1";"33.72595";"-90.55148"
"elk city";"united states";"1";"35.41199";"-99.40426"
"gurdon";"united states";"1";"33.92094";"-93.15406"
"coalinga";"united states";"1";"36.13968";"-120.36015"
"bad homburg vor der höhe";"germany";"1";"50.22683";"8.61816"
"brattleboro";"united states";"1";"42.85092";"-72.55787"
"anchorage";"united states";"1";"61.21806";"-149.90028"
"nevada city";"united states";"1";"39.26173";"-121.01779"
"jaén";"spain";"1";"37.76922";"-3.79028"
"utica";"united states";"1";"34.67816";"-82.93154"
"amarillo";"united states";"1";"35.222";"-101.8313"
"burton upon trent";"united kingdom";"1";"52.80728";"-1.64263"
"guthrie";"united states";"1";"36.64838";"-87.16639"
"new brunswick";"united states";"1";"40.48622";"-74.45182"
"lawrence";"united states";"1";"39.83865";"-86.02526"
"westbury";"united states";"1";"40.75566";"-73.58763"
"ubá";"brazil";"1";"-21.12";"-42.94278"
"eisenach";"germany";"1";"50.9807";"10.31522"
"west newbury";"united states";"1";"42.80148";"-70.98978"
"roswell";"united states";"1";"33.39437";"-104.52491"
"great neck";"united states";"1";"40.80066";"-73.72846"
"waco";"united states";"1";"31.54933";"-97.14667"
"everett";"united states";"1";"47.97898";"-122.20208"
"welling";"united kingdom";"1";"51.46246";"0.10759"
"bay village";"united states";"1";"41.48477";"-81.92208"
"sugar land";"united states";"1";"29.61968";"-95.63495"
"hagen";"germany";"1";"51.36081";"7.47168"
"tohmajärvi";"finland";"1";"62.18333";"30.38333"
"springhill";"canada";"1";"45.65015";"-64.04873"
"quivicán";"cuba";"1";"22.82313";"-82.35558"
"lawton";"united states";"1";"42.16726";"-85.84695"
"rottweil";"germany";"1";"48.16783";"8.62719"
"marietta";"united states";"1";"48.78705";"-122.58045"
"caesarea";"israel";"1";"32.51888";"34.90459"
"joshua tree";"united states";"1";"34.13473";"-116.31307"
"elva";"estonia";"1";"58.2225";"26.42111"
"derby";"united kingdom";"1";"52.92277";"-1.47663"
"grimsby";"canada";"1";"43.20011";"-79.56631"
"lagos";"nigeria";"1";"6.45407";"3.39467"
"romeo";"united states";"1";"42.80281";"-83.01299"
"haugesund";"norway";"1";"59.41378";"5.268"
"st. john's";"canada";"1";"47.56494";"-52.70931"
"anstruther";"united kingdom";"1";"56.22345";"-2.70278"
"dippoldiswalde";"germany";"1";"50.89621";"13.66905"
"sainte-anne-des-monts";"canada";"1";"49.12402";"-66.49243"
"bartlett";"united states";"1";"41.88529";"-98.5523"
"aberdeen";"united kingdom";"1";"57.14369";"-2.09814"
"great bend";"united states";"1";"38.36446";"-98.76481"
"mitcham";"united kingdom";"1";"51.40322";"-0.16831"
"berchtesgaden";"germany";"1";"47.63236";"13.00187"
"oshkosh";"united states";"1";"44.02471";"-88.54261"
"best";"netherlands";"1";"51.5075";"5.39028"
"aveiro";"portugal";"1";"40.64427";"-8.64554"
"rockenhausen";"germany";"1";"49.62974";"7.82134"
"wyandotte";"united states";"1";"42.21421";"-83.14992"
"kotka";"finland";"1";"60.4664";"26.94582"
"juankoski";"finland";"1";"63.06667";"28.35"
"lakehurst";"united states";"1";"40.01456";"-74.31126"
"creston";"united states";"1";"40.987";"-81.89375"
"boonville";"united states";"1";"39.00907";"-123.36612"
"wiscasset";"united states";"1";"44.00286";"-69.6656"
"montpellier";"france";"1";"43.61093";"3.87635"
"eau claire";"united states";"1";"44.81135";"-91.49849"
"skanderborg";"denmark";"1";"56.03434";"9.93177"
"nauen";"germany";"1";"52.60701";"12.87374"
"edmonton";"canada";"1";"53.55014";"-113.46871"
"fort-de-france";"martinique";"1";"14.60365";"-61.07418"
"raymond";"united states";"1";"46.68649";"-123.73294"
"plano";"united states";"1";"36.88032";"-86.41832"
"enid";"united states";"1";"36.39559";"-97.87839"
"oldham";"united kingdom";"1";"53.54051";"-2.1183"
"heston";"united kingdom";"1";"51.48363";"-0.37577"
"camerino";"italy";"1";"43.13866";"13.06785"
"bünde";"germany";"1";"52.19837";"8.58644"
"unna";"germany";"1";"51.53795";"7.68969"
"peckham";"united kingdom";"1";"51.47403";"-0.06969"
"big sandy";"united states";"1";"32.58375";"-95.10883"
"farmersville";"united states";"1";"36.29773";"-119.20678"
"utrecht";"netherlands";"1";"52.09083";"5.12222"
"heilbronn";"germany";"1";"49.13995";"9.22054"
"yokosuka";"japan";"1";"35.28361";"139.66722"
"nordhorn";"germany";"1";"52.43081";"7.06833"
"the pas";"canada";"1";"53.82159";"-101.24488"
"somerville";"united states";"1";"42.3876";"-71.0995"
"brewer";"united states";"1";"44.79674";"-68.76142"
"bad goisern";"austria";"1";"47.64252";"13.61609"
"ponce";"puerto rico";"1";"18.01031";"-66.62398"
"fair lawn";"united states";"1";"40.94038";"-74.13181"
"warrington";"united kingdom";"1";"53.39254";"-2.58024"
"oswestry";"united kingdom";"1";"52.86195";"-3.05497"
"osterley";"united kingdom";"1";"51.48026";"-0.35401"
"bremerton";"united states";"1";"47.56732";"-122.63264"
"nottingham";"united kingdom";"1";"52.9536";"-1.15047"
"pembroke pines";"united states";"1";"26.00315";"-80.22394"
"almelo";"netherlands";"1";"52.35667";"6.6625"
"kenner";"united states";"1";"29.99409";"-90.24174"
"st. stephen";"canada";"1";"45.18044";"-67.29529"
"moulins";"france";"1";"46.56459";"3.33243"
"red hook";"united states";"1";"41.99509";"-73.87541"
"eisenberg";"germany";"1";"49.55859";"8.07199"
"monahans";"united states";"1";"31.5943";"-102.89265"
"istanbul";"turkey";"1";"41.01384";"28.94966"
"stanmore";"united kingdom";"1";"51.61667";"-0.31667"
"westerly";"united states";"1";"41.3776";"-71.82729"
"elk grove village";"united states";"1";"42.00392";"-87.97035"
"moers";"germany";"1";"51.45342";"6.6326"
"lunden";"germany";"1";"54.33131";"9.02523"
"wittenberg";"germany";"1";"51.8661";"12.64973"
"charlottenburg";"germany";"1";"52.51667";"13.28333"
"wakefield";"united kingdom";"1";"53.68331";"-1.49768"
"horn lake";"united states";"1";"34.95537";"-90.03481"
"savannah";"united states";"1";"32.08354";"-81.09983"
"chattanooga";"united states";"1";"35.04563";"-85.30968"
"christchurch";"new zealand";"1";"-43.53333";"172.63333"
"la crosse";"united states";"1";"38.5314";"-99.30872"
"barataria";"united states";"1";"29.72327";"-90.12369"
"augsburg";"germany";"1";"48.37154";"10.89851"
"buckingham";"united kingdom";"1";"51.99968";"-0.98779"
"kauhajoki";"finland";"1";"62.43333";"22.18333"
"shenandoah";"united states";"1";"40.82037";"-76.20077"
"jonesboro";"united states";"1";"35.8423";"-90.70428"
"mechanicsville";"united states";"1";"40.96648";"-76.58662"
"camarillo";"united states";"1";"34.21639";"-119.0376"
"forest hill";"united states";"1";"32.67208";"-97.26918"
"hugo";"united states";"1";"45.15997";"-92.99327"
"pauls valley";"united states";"1";"34.74008";"-97.22225"
"hämeenlinna";"finland";"1";"60.99596";"24.46434"
"wallington";"united kingdom";"1";"51.36404";"-0.15368"
"las vegas";"united states";"1";"35.59393";"-105.2239"
"ferriday";"united states";"1";"31.63017";"-91.55456"
"salisbury";"united states";"1";"42.84176";"-70.86061"
"flushing";"united states";"1";"43.06308";"-83.85107"
"ponchatoula";"united states";"1";"30.4388";"-90.44148"
"ardsley";"united states";"1";"41.01065";"-73.84375"
"hasselt";"belgium";"1";"50.93106";"5.33781"
"shaker heights";"united states";"1";"41.47394";"-81.53707"
"virginia";"united states";"1";"47.52326";"-92.53657"
"camas";"united states";"1";"45.58706";"-122.39954"
"pascagoula";"united states";"1";"30.36576";"-88.55613"
"plainview";"united states";"1";"34.18479";"-101.70684"
"lorain";"united states";"1";"41.45282";"-82.18237"
"green hill";"united states";"1";"36.22283";"-86.54944"
"rockville";"united states";"1";"41.86676";"-72.44953"
"chapin";"united states";"1";"34.16598";"-81.34982"
"jakarta";"indonesia";"1";"-6.21462";"106.84513"
"kirbyville";"united states";"1";"30.66048";"-93.89268"
"blackville";"united states";"1";"33.35793";"-81.27066"
"wembley";"united kingdom";"1";"51.55242";"-0.29686"
"port gibson";"united states";"1";"31.96099";"-90.98399"
"haarlem";"netherlands";"1";"52.38084";"4.63683"
"bedale";"united kingdom";"1";"54.28811";"-1.59181"
"tulle";"france";"1";"45.26582";"1.77233"
"stepney";"united kingdom";"1";"51.5175";"-0.04292"
"igarapava";"brazil";"1";"-20.03833";"-47.74694"
"tidworth";"united kingdom";"1";"51.23142";"-1.66324"
"barnwell";"united states";"1";"33.24487";"-81.35872"
"tunica";"united states";"1";"34.68455";"-90.38288"
"colchester";"united kingdom";"1";"51.88921";"0.90421"
"rochford";"united kingdom";"1";"51.58198";"0.70673"
"west plains";"united states";"1";"36.72812";"-91.85237"
"walnut grove";"united states";"1";"38.24214";"-121.51162"