Nom de l'artiste,Date d'anniversaire,Titre,Genre,Date de sortie,Groupe
Graham Coxon,1969-03-12,Live At The Budokan,Britpop,1996-05-22,Yes
Damon Albarn,1968-03-23,Live At The Budokan,Britpop,1996-05-22,Yes
Dave Rowntree,1964-05-08,Live At The Budokan,Britpop,1996-05-22,Yes
Alex James,1968-11-21,Live At The Budokan,Britpop,1996-05-22,Yes
Graham Coxon,1969-03-12,Blur,Alternative Rock,1997-01-29,Yes
Damon Albarn,1968-03-23,Blur,Alternative Rock,1997-01-29,Yes
Dave Rowntree,1964-05-08,Blur,Alternative Rock,1997-01-29,Yes
Alex James,1968-11-21,Blur,Alternative Rock,1997-01-29,Yes
Graham Coxon,1969-03-12,13,Alternative Rock,1999-03-01,Yes
Damon Albarn,1968-03-23,13,Alternative Rock,1999-03-01,Yes
Dave Rowntree,1964-05-08,13,Alternative Rock,1999-03-01,Yes
Alex James,1968-11-21,13,Alternative Rock,1999-03-01,Yes
Graham Coxon,1969-03-12,The Best Of Blur,Alternative Rock,2000-11-21,Yes
Damon Albarn,1968-03-23,The Best Of Blur,Alternative Rock,2000-11-21,Yes
Dave Rowntree,1964-05-08,The Best Of Blur,Alternative Rock,2000-11-21,Yes
Alex James,1968-11-21,The Best Of Blur,Alternative Rock,2000-11-21,Yes
Graham Coxon,1969-03-12,Think Tank,Alternative Rock,2003-04-21,Yes
Damon Albarn,1968-03-23,Think Tank,Alternative Rock,2003-04-21,Yes
Dave Rowntree,1964-05-08,Think Tank,Alternative Rock,2003-04-21,Yes
Alex James,1968-11-21,Think Tank,Alternative Rock,2003-04-21,Yes
Graham Coxon,1969-03-12,Midlife: A Beginner's Guide To Blur,Alternative Rock,2009-06-15,Yes
Damon Albarn,1968-03-23,Midlife: A Beginner's Guide To Blur,Alternative Rock,2009-06-15,Yes
Dave Rowntree,1964-05-08,Midlife: A Beginner's Guide To Blur,Alternative Rock,2009-06-15,Yes
Alex James,1968-11-21,Midlife: A Beginner's Guide To Blur,Alternative Rock,2009-06-15,Yes
Graham Coxon,1969-03-12,The Magic Whip,Alternative Rock,2015-04-24,Yes
Damon Albarn,1968-03-23,The Magic Whip,Alternative Rock,2015-04-24,Yes
Dave Rowntree,1964-05-08,The Magic Whip,Alternative Rock,2015-04-24,Yes
Alex James,1968-11-21,The Magic Whip,Alternative Rock,2015-04-24,Yes
Blümchen,1980-04-20,Herzfrequenz,Happy Hardcore,1996-05-20,No
Blümchen,1980-04-20,Heartbeat,Happy Hardcore,1996-01-01,No
Blümchen,1980-04-20,Verliebt...,Happy Hardcore,1997-05-01,No
Blümchen,1980-04-20,In Love...,Happy Hardcore,1997-01-01,No
Blümchen,1980-04-20,Jasmin,Pop,1998-09-28,No
Blümchen,1980-04-20,Live In Berlin,Pop,1999-11-01,No
Blümchen,1980-04-20,Die Welt Gehört Dir,Pop,2000-06-26,No
Blümchen,1980-04-20,Für Immer Und Ewig,Pop,2000-12-04,No
Bo Bice,1975-11-01,The Real Thing,Southern Rock,2005-12-13,No
Bo Bice,1975-11-01,See The Light,Southern Rock,2007-10-23,No
Bo Bice,1975-11-01,3,Southern Rock,2010-05-18,No
Bo Burnham,1990-08-21,Bo Fo Sho,Comedy,2008-06-17,No
Bo Burnham,1990-08-21,Bo Burnham,Comedy,2009-03-10,No
Bo Burnham,1990-08-21,Words Words Words,Comedy,2010-10-19,No
Bo Burnham,1990-08-21,What.,Comedy,2013-11-17,No
Bo Diddley,1928-12-30,Bo Diddley,Rock &apos;N&apos; Roll,1957-01-01,No
Bo Diddley,1928-12-30,Go Bo Diddley,Rock &apos;N&apos; Roll,1959-01-01,No
Bo Diddley,1928-12-30,Bo Diddley Is A Gunslinger,Rock,1961-09-01,No
Bo Diddley,1928-12-30,"Have Guitar, Will Travel",Rock &apos;N&apos; Roll,1960-01-01,No
Bo Diddley,1928-12-30,Bo Diddley,Rock &apos;N&apos; Roll,1962-07-01,No
Bo Diddley,1928-12-30,Bo's Blues,Blues,1993-01-01,No
Bo Diddley,1928-12-30,His Best,Rock,1997-04-08,No
Bob Carlisle,1956-09-29,Bob Carlisle,Contemporary Christian,1993-01-01,No
Bob Carlisle,1956-09-29,The Hope Of A Man,Contemporary Christian,1994-01-01,No
Bob Carlisle,1956-09-29,Butterfly Kisses (Shades Of Grace),Contemporary Christian,1997-01-01,No
Bob Dylan,1941-05-24,Bob Dylan,Folk,1962-03-19,No
Bob Dylan,1941-05-24,The Freewheelin' Bob Dylan,Folk,1963-05-27,No
Bob Dylan,1941-05-24,The Times They Are A-Changin',Folk,1964-02-10,No
Bob Dylan,1941-05-24,Another Side Of Bob Dylan,Rock,1964-08-08,No
Bob Dylan,1941-05-24,Bringing It All Back Home,Folk Rock,1965-03-22,No
Bob Dylan,1941-05-24,Highway 61 Revisited,Folk Rock,1965-08-30,No
Bob Dylan,1941-05-24,Blonde On Blonde,Rock,1966-05-16,No
Bob Dylan,1941-05-24,John Wesley Harding,Rock,1967-12-27,No
Bob Dylan,1941-05-24,Nashville Skyline,Rock,1969-04-09,No
Bob Dylan,1941-05-24,Self Portrait,Rock,1970-06-08,No
Bob Dylan,1941-05-24,New Morning,Rock,1970-10-21,No
Bob Dylan,1941-05-24,Dylan,Rock,1973-11-16,No
Bob Dylan,1941-05-24,Planet Waves,Rock,1974-01-17,No
Bob Dylan,1941-05-24,Blood On The Tracks,Folk Rock,1975-01-20,No
Bob Dylan,1941-05-24,The Basement Tapes,Rock,1975-06-26,No
Bob Dylan,1941-05-24,Desire,Rock,1976-01-05,No
Bob Dylan,1941-05-24,Street Legal,Rock,1978-06-15,No
Bob Dylan,1941-05-24,Slow Train Coming,Rock,1979-08-20,No
Bob Dylan,1941-05-24,Saved,Rock,1980-06-19,No
Bob Dylan,1941-05-24,Shot Of Love,Rock,1981-08-10,No
Bob Dylan,1941-05-24,Infidels,Rock,1983-10-27,No
Bob Dylan,1941-05-24,Empire Burlesque,Rock,1985-05-30,No
Bob Dylan,1941-05-24,Knocked Out Loaded,Rock,1986-07-14,No
Bob Dylan,1941-05-24,Down In The Groove,Rock,1988-05-19,No
Bob Dylan,1941-05-24,Oh Mercy,Rock,1989-09-12,No
Bob Dylan,1941-05-24,Under The Red Sky,Rock,1990-09-10,No
Bob Dylan,1941-05-24,Good As I Been To You,Rock,1992-10-30,No
Bob Dylan,1941-05-24,World Gone Wrong,Folk,1993-10-22,No
Bob Dylan,1941-05-24,Time Out Of Mind,Rock,1997-09-26,No
Bob Dylan,1941-05-24,Love And Theft,Folk Rock,2001-09-10,No
Bob Dylan,1941-05-24,Modern Times,Folk Rock,2006-08-06,No
Bob Dylan,1941-05-24,Together Through Life,Folk Rock,2009-04-23,No
Bob Dylan,1941-05-24,Christmas In The Heart,Christmas,2009-10-09,No
Bob Dylan,1941-05-24,Tempest,Rock,2012-09-07,No
Bob Geldof,1951-10-05,Deep In The Heart Of Nowhere,Rock,1986-01-01,No
Bob Geldof,1951-10-05,The Vegetarians Of Love,Rock,1990-01-01,No
Bob Geldof,1951-10-05,The Happy Club,Rock,1992-10-01,No
Bob Geldof,1951-10-05,"Sex, Age & Death",Rock,2001-01-01,No
Bob Geldof,1951-10-05,How To Compose Popular Songs That Will Sell,Rock,2011-02-07,No
Bunny Wailer,1947-04-10,Natty Dread,Reggae,1974-10-25,Yes
Peter Tosh,1944-10-19,Natty Dread,Reggae,1974-10-25,Yes
Aston “Family Man” Barrett,1946-11-22,Natty Dread,Reggae,1974-10-25,Yes
Bob Marley,1945-02-06,Natty Dread,Reggae,1974-10-25,Yes
Carlton “Carly” Barrett,1950-12-17,Natty Dread,Reggae,1974-10-25,Yes
Junior Marvin,1949-01-01,Natty Dread,Reggae,1974-10-25,Yes
Bunny Wailer,1947-04-10,Rastaman Vibration,Reggae,1976-04-30,Yes
Peter Tosh,1944-10-19,Rastaman Vibration,Reggae,1976-04-30,Yes
Aston “Family Man” Barrett,1946-11-22,Rastaman Vibration,Reggae,1976-04-30,Yes
Bob Marley,1945-02-06,Rastaman Vibration,Reggae,1976-04-30,Yes
Carlton “Carly” Barrett,1950-12-17,Rastaman Vibration,Reggae,1976-04-30,Yes
Junior Marvin,1949-01-01,Rastaman Vibration,Reggae,1976-04-30,Yes
Bunny Wailer,1947-04-10,Exodus,Reggae,1977-06-03,Yes
Peter Tosh,1944-10-19,Exodus,Reggae,1977-06-03,Yes
Aston “Family Man” Barrett,1946-11-22,Exodus,Reggae,1977-06-03,Yes
Bob Marley,1945-02-06,Exodus,Reggae,1977-06-03,Yes
Carlton “Carly” Barrett,1950-12-17,Exodus,Reggae,1977-06-03,Yes
Junior Marvin,1949-01-01,Exodus,Reggae,1977-06-03,Yes
Bunny Wailer,1947-04-10,Kaya,Reggae,1978-03-23,Yes
Peter Tosh,1944-10-19,Kaya,Reggae,1978-03-23,Yes
Aston “Family Man” Barrett,1946-11-22,Kaya,Reggae,1978-03-23,Yes
Bob Marley,1945-02-06,Kaya,Reggae,1978-03-23,Yes
Carlton “Carly” Barrett,1950-12-17,Kaya,Reggae,1978-03-23,Yes
Junior Marvin,1949-01-01,Kaya,Reggae,1978-03-23,Yes
Bunny Wailer,1947-04-10,Survival,Reggae,1979-10-02,Yes
Peter Tosh,1944-10-19,Survival,Reggae,1979-10-02,Yes
Aston “Family Man” Barrett,1946-11-22,Survival,Reggae,1979-10-02,Yes
Bob Marley,1945-02-06,Survival,Reggae,1979-10-02,Yes
Carlton “Carly” Barrett,1950-12-17,Survival,Reggae,1979-10-02,Yes
Junior Marvin,1949-01-01,Survival,Reggae,1979-10-02,Yes
Bunny Wailer,1947-04-10,Uprising,Reggae,1980-06-10,Yes
Peter Tosh,1944-10-19,Uprising,Reggae,1980-06-10,Yes
Aston “Family Man” Barrett,1946-11-22,Uprising,Reggae,1980-06-10,Yes
Bob Marley,1945-02-06,Uprising,Reggae,1980-06-10,Yes
Carlton “Carly” Barrett,1950-12-17,Uprising,Reggae,1980-06-10,Yes
Junior Marvin,1949-01-01,Uprising,Reggae,1980-06-10,Yes
Bunny Wailer,1947-04-10,Confrontation,Reggae,1983-03-23,Yes
Peter Tosh,1944-10-19,Confrontation,Reggae,1983-03-23,Yes
Aston “Family Man” Barrett,1946-11-22,Confrontation,Reggae,1983-03-23,Yes
Bob Marley,1945-02-06,Confrontation,Reggae,1983-03-23,Yes
Carlton “Carly” Barrett,1950-12-17,Confrontation,Reggae,1983-03-23,Yes
Junior Marvin,1949-01-01,Confrontation,Reggae,1983-03-23,Yes
Bunny Wailer,1947-04-10,Legend: The Best Of Bob Marley And The Wailers,Reggae,1984-05-08,Yes
Peter Tosh,1944-10-19,Legend: The Best Of Bob Marley And The Wailers,Reggae,1984-05-08,Yes
Aston “Family Man” Barrett,1946-11-22,Legend: The Best Of Bob Marley And The Wailers,Reggae,1984-05-08,Yes
Bob Marley,1945-02-06,Legend: The Best Of Bob Marley And The Wailers,Reggae,1984-05-08,Yes
Carlton “Carly” Barrett,1950-12-17,Legend: The Best Of Bob Marley And The Wailers,Reggae,1984-05-08,Yes
Junior Marvin,1949-01-01,Legend: The Best Of Bob Marley And The Wailers,Reggae,1984-05-08,Yes
Bunny Wailer,1947-04-10,Talkin' Blues,Reggae,1991-02-04,Yes
Peter Tosh,1944-10-19,Talkin' Blues,Reggae,1991-02-04,Yes
Aston “Family Man” Barrett,1946-11-22,Talkin' Blues,Reggae,1991-02-04,Yes
Bob Marley,1945-02-06,Talkin' Blues,Reggae,1991-02-04,Yes
Carlton “Carly” Barrett,1950-12-17,Talkin' Blues,Reggae,1991-02-04,Yes
Junior Marvin,1949-01-01,Talkin' Blues,Reggae,1991-02-04,Yes
Bunny Wailer,1947-04-10,Songs Of Freedom,Reggae,1992-10-06,Yes
Peter Tosh,1944-10-19,Songs Of Freedom,Reggae,1992-10-06,Yes
Aston “Family Man” Barrett,1946-11-22,Songs Of Freedom,Reggae,1992-10-06,Yes
Bob Marley,1945-02-06,Songs Of Freedom,Reggae,1992-10-06,Yes
Carlton “Carly” Barrett,1950-12-17,Songs Of Freedom,Reggae,1992-10-06,Yes
Junior Marvin,1949-01-01,Songs Of Freedom,Reggae,1992-10-06,Yes
Bunny Wailer,1947-04-10,Trenchtown Rock: The Anthology 1969-1978,Reggae,2002-01-28,Yes
Peter Tosh,1944-10-19,Trenchtown Rock: The Anthology 1969-1978,Reggae,2002-01-28,Yes
Aston “Family Man” Barrett,1946-11-22,Trenchtown Rock: The Anthology 1969-1978,Reggae,2002-01-28,Yes
Bob Marley,1945-02-06,Trenchtown Rock: The Anthology 1969-1978,Reggae,2002-01-28,Yes
Carlton “Carly” Barrett,1950-12-17,Trenchtown Rock: The Anthology 1969-1978,Reggae,2002-01-28,Yes
Junior Marvin,1949-01-01,Trenchtown Rock: The Anthology 1969-1978,Reggae,2002-01-28,Yes
Bob Lind,1942-11-25,The Best Of Bob Lind - You Might Have Heard My Footsteps,Folk,1993-01-01,No
Bob Rivers,1952,Twisted Christmas,Comedy,1987-01-01,No
Bob Rivers,1952,I Am Santa Claus,Comedy,1993-11-02,No
Bob Schneider,1965-10-12,Songs Sung And Played On Guitar At The Same Time,Rock,1999-01-01,No
Bob Schneider,1965-10-12,Underneath The Onion Trees,Rock,2000-01-01,No
Bob Schneider,1965-10-12,Lonelyland,Rock,2001-03-13,No
Bob Schneider,1965-10-12,Galaxy Kings,Rock,2002-01-01,No
Bob Schneider,1965-10-12,I Have Seen The End Of The World And It Looks Like This,Rock,2003-01-01,No
Bob Schneider,1965-10-12,I'm Good Now,Rock,2004-04-13,No
Bob Schneider,1965-10-12,The Californian,Rock,2006-08-19,No
Bob Schneider,1965-10-12,Lovely Creatures,Rock,2009-09-29,No
Bob Schneider,1965-10-12,A Perfect Day,Rock,2011-04-19,No
Bob Seger,1945-05-06,Brand New Morning,Rock,1971-01-01,No
Bob Seger,1945-05-06,Smokin' O.P.'s,Rock,1972-08-01,No
Bob Seger,1945-05-06,Back In '72,Rock,1973-01-01,No
Bob Seger,1945-05-06,Seven,Rock,1974-03-01,No
Bob Seger,1945-05-06,Beautiful Loser,Rock,1975-01-01,No
Bob Seger,1945-05-06,Stranger In Town,Rock,1978-05-05,No
Bob Seger,1945-05-06,Greatest Hits,Rock,1994-10-25,No
Bob Seger,1945-05-06,Face The Promise,Country Rock,2006-09-12,No
Bob Seger,1945-05-06,Ride Out,Rock,2014-10-14,No
Bob Sinclar,1967-05-10,Paradise,House,1998-10-19,No
Bob Sinclar,1967-05-10,Champs Elysées,House,2000-10-10,No
Bob Sinclar,1967-05-10,III,House,2003-04-14,No
Bob Sinclar,1967-05-10,Western Dream,House,2006-04-10,No
Bob Sinclar,1967-05-10,Soundz Of Freedom,House,2007-05-27,No
Bob Sinclar,1967-05-10,Born In 69,House,2009-05-11,No
Bob Sinclar,1967-05-10,Made In Jamaica,Reggae,2010-01-01,No
Bob Sinclar,1967-05-10,Disco Crash,House,2012-01-30,No
Bob Mould,1960-10-16,Workbook,Alternative Rock,1989-05-02,No
Bob Mould,1960-10-16,Black Sheets Of Rain,Alternative Rock,1990-08-21,No
Bob Mould,1960-10-16,Poison Years,Alternative Rock,1994-07-26,No
Bob Mould,1960-10-16,Bob Mould,Alternative Rock,1996-04-30,No
Bob Mould,1960-10-16,The Last Dog And Pony Show,Alternative Rock,1998-08-25,No
Bob Mould,1960-10-16,Modulate,Alternative Rock,2002-03-12,No
Bob Mould,1960-10-16,Body Of Song,Alternative Rock,2005-07-26,No
Bob Mould,1960-10-16,District Line,Alternative Rock,2008-02-11,No
Bob Mould,1960-10-16,Life And Times,Alternative Rock,2008-04-07,No
Bob Mould,1960-10-16,Silver Age,Alternative Rock,2012-09-04,No
Bob Mould,1960-10-16,Beauty & Ruin,Alternative Rock,2014-06-03,No
Bob Welch,1945-08-31,French Kiss,Rock,1977-11-18,No
Bobbie Gentry,1944-07-27,Ode To Billie Joe,Country,1967-01-01,No
Bobbie Gentry,1944-07-27,The Delta Sweete,Country,1968-01-01,No
Bobbie Gentry,1944-07-27,Local Gentry,Country,1968-01-01,No
Bobbie Gentry,1944-07-27,Touch 'Em With Love,Country,1969-01-01,No
Bobbie Gentry,1944-07-27,Fancy,Country,1970-01-01,No
Bobbie Gentry,1944-07-27,Patchwork,Country,1971-01-01,No
Bobby Bazini,1989-05-06,Better In Time,Pop Rock,2010-01-01,No
Bobby Bazini,1989-05-06,Where I Belong,Pop Rock,2014-05-27,No
Bobby Bare,1935-04-07,Detroit City,Country,1963-08-01,No
Bobby Bare,1935-04-07,500 Miles Away From Home,Country,1963-12-01,No
Bobby Bare,1935-04-07,Talk Me Some Sense,Country,1966-01-01,No
Bobby Bare,1935-04-07,The Streets Of Baltimore,Country,1966-09-01,No
Bobby Bare,1935-04-07,The Game Of Triangles,Country,1967-02-01,No
Bobby Bare,1935-04-07,(Margie's At) The Lincoln Park Inn,Country,1969-06-01,No
Bobby Bare,1935-04-07,"Sings Lullabys, Legends And Lies",Country,2007-07-24,No
Bobby Bare,1935-04-07,Hard Time Hungrys,Country,1998-04-07,No
Bobby Bare,1935-04-07,Bare,Country,1978-01-01,No
Bobby Bare,1935-04-07,The Moon Was Blue,Country,2005-10-01,No
Bobby Brown,1969-02-05,King Of Stage,R&amp;B,1986-12-11,No
Bobby Brown,1969-02-05,Don't Be Cruel,New Jack Swing,1988-06-20,No
Bobby Brown,1969-02-05,Bobby,New Jack Swing,1992-08-25,No
Bobby Brown,1969-02-05,Forever,R&amp;B,1997-11-04,No
Bobby Blue Bland,1930-01-27,Two Steps From The Blues,Blues,1961-01-01,No
Bobby Blue Bland,1930-01-27,Here's The Man!!!,Blues,1962-01-01,No
Bobby Blue Bland,1930-01-27,Ain't Nothing You Can Do,Blues,1964-01-01,No
Bobby Darin,1936-05-14,Bobby Darin,Pop,1958-09-01,No
Bobby Darin,1936-05-14,That's All,Pop,1959-03-01,No
Bobby Darin,1936-05-14,This Is Darin,Pop,1994-01-01,No
Bobby Darin,1936-05-14,For Teenagers Only,Pop,1960-09-01,No
Bobby Darin,1936-05-14,Love Swings,Pop,1961-01-01,No
Bobby Darin,1936-05-14,Two Of A Kind,Pop,1990-01-01,No
Bobby Darin,1936-05-14,Things & Other Things,Pop,2003-01-01,No
Bobby Darin,1936-05-14,You're The Reason I'm Living,Pop,1963-02-01,No
Bobby Darin,1936-05-14,It's You,Pop,2003-01-01,No
Bobby Darin,1936-05-14,Winners,Pop,1964-06-01,No
Bobby Darin,1936-05-14,From Hello Dolly To Goodbye Charlie,Pop,1964-01-01,No
Bobby Darin,1936-05-14,Venice Blue,Pop,1965-03-01,No
Bobby Darin,1936-05-14,If I Were A Carpenter,Folk Rock,1966-12-01,No
Bobby Darin,1936-05-14,Live! At The Desert Inn,Pop,2005-03-22,No
Bobby Darin,1936-05-14,Darin 1936-1973,Pop,1974-01-01,No
Bobby Darin,1936-05-14,Capitol Collectors Series,Pop,1989-01-01,No
Bobby Darin,1936-05-14,The Best Of Bobby Darin Volume One,Pop,1991-11-12,No
Bobby Darin,1936-05-14,Sings The Shadow Of Your Smile & In A Broadway Bag,Pop,2007-07-02,No
Bobby Helms,1933-08-15,Jingle Bell Rock,Country,2004-10-19,No
Bobby O,1958,Freedom In An Unfree World,Electronic,1983-01-01,No
Bobby O,1958,Bright Nothing World,Electronic,2010-06-28,No
Bobby McFerrin,1950-03-11,Bobby McFerrin,Jazz,1982-09-01,No
Bobby McFerrin,1950-03-11,The Voice,Jazz,1984-07-01,No
Bobby McFerrin,1950-03-11,Spontaneous Inventions,Vocal,1986-01-01,No
Bobby McFerrin,1950-03-11,Simple Pleasures,A Cappella,1988-08-22,No
Bobby McFerrin,1950-03-11,Medicine Music,Vocal,1990-10-16,No
Bobby McFerrin,1950-03-11,Bang! Zoom,Vocal,1996-01-09,No
Bobby Thurston,1954,You Got What It Takes,Disco,1980-01-01,No
Bobby Vee,1943-04-30,The Night Has A Thousand Eyes,Pop,1963-01-01,No
Bobby Vee,1943-04-30,Legendary Masters Series,Pop,1990-01-01,No
Bobby Vinton,1935-04-16,Roses Are Red,Pop,1962-01-01,No
Bobby Vinton,1935-04-16,Bobby Vinton Sings The Big Ones,Pop,1962-01-01,No
Bobby Vinton,1935-04-16,Blue On Blue,Pop,1963-01-01,No
Bobby Vinton,1935-04-16,There! I've Said It Again,Pop,1964-01-01,No
Bobby Vinton,1935-04-16,Bobby Vinton's Greatest Hits,Pop,1964-01-01,No
Bobby Vinton,1935-04-16,A Very Merry Christmas,Pop,1964-10-01,No
Bobby Vinton,1935-04-16,Bobby Vinton Sings For Lonely Nights,Pop,1965-01-01,No
Bobby Vinton,1935-04-16,Sealed With A Kiss,Pop,1972-01-01,No
Bobby Vinton,1935-04-16,Melodies Of Love,Pop,1974-01-01,No
Bobby Vinton,1935-04-16,Heart Of Hearts,Pop,1975-01-01,No
Bobby Vinton,1935-04-16,16 Most Requested Songs,Pop,1991-01-01,No
Bobby Womack,1944-03-04,Fly Me To The Moon,Soul,1992-12-01,No
Bobby Womack,1944-03-04,My Prescription,Soul,1970-02-01,No
Bobby Womack,1944-03-04,The Womack Live,Soul,1970-01-01,No
Bobby Womack,1944-03-04,Communication,Soul,1971-01-01,No
Bobby Womack,1944-03-04,Understanding,Soul,1972-01-01,No
Bobby Womack,1944-03-04,Facts Of Life,Soul,1973-01-01,No
Bobby Womack,1944-03-04,Lookin' For A Love Again,Soul,1973-01-01,No
Bobby Womack,1944-03-04,I Don't Know What The World Is Coming To,Soul,1975-01-01,No
Bobby Womack,1944-03-04,Roads Of Life,R&amp;B,1979-01-01,No
Bobby Womack,1944-03-04,The Poet,Soul,1981-01-01,No
Bobby Womack,1944-03-04,Poet II,Soul,1994-01-01,No
Bobby Womack,1944-03-04,So Many Rivers,R&amp;B,1985-01-01,No
Bobby Womack,1944-03-04,Womagic,Soul,1986-01-01,No
Bobby Womack,1944-03-04,The Bravest Man In The Universe,Soul,2012-06-11,No
Bohannon,1942-03-07,Insides Out,Funk,1975-01-01,No
Bohannon,1942-03-07,Alive,Funk,1981-01-01,No
Jeff Rosenstock,1982-09-07,Album Minus Band,Punk Rock,2005-02-01,Yes
Laura Stevenson,1984-04-25,Album Minus Band,Punk Rock,2005-02-01,Yes
Jeff Rosenstock,1982-09-07,To Leave Or Die In Long Island,Punk Rock,2005-10-01,Yes
Laura Stevenson,1984-04-25,To Leave Or Die In Long Island,Punk Rock,2005-10-01,Yes
Jon Bon Jovi,1962-03-02,Bon Jovi,Hard Rock,1984-01-01,Yes
Richie Sambora,1959-07-11,Bon Jovi,Hard Rock,1984-01-01,Yes
Dave “The Snake” Sabo,1964-09-16,Bon Jovi,Hard Rock,1984-01-01,Yes
Alec John Such,1951-11-14,Bon Jovi,Hard Rock,1984-01-01,Yes
Tico Torres,1953-10-07,Bon Jovi,Hard Rock,1984-01-01,Yes
David Bryan,1962-02-07,Bon Jovi,Hard Rock,1984-01-01,Yes
Jon Bon Jovi,1962-03-02,7800 Degrees Fahrenheit,Hard Rock,1985-01-01,Yes
Richie Sambora,1959-07-11,7800 Degrees Fahrenheit,Hard Rock,1985-01-01,Yes
Dave “The Snake” Sabo,1964-09-16,7800 Degrees Fahrenheit,Hard Rock,1985-01-01,Yes
Alec John Such,1951-11-14,7800 Degrees Fahrenheit,Hard Rock,1985-01-01,Yes
Tico Torres,1953-10-07,7800 Degrees Fahrenheit,Hard Rock,1985-01-01,Yes
David Bryan,1962-02-07,7800 Degrees Fahrenheit,Hard Rock,1985-01-01,Yes
Jon Bon Jovi,1962-03-02,Slippery When Wet,Hard Rock,1986-08-25,Yes
Richie Sambora,1959-07-11,Slippery When Wet,Hard Rock,1986-08-25,Yes
Dave “The Snake” Sabo,1964-09-16,Slippery When Wet,Hard Rock,1986-08-25,Yes
Alec John Such,1951-11-14,Slippery When Wet,Hard Rock,1986-08-25,Yes
Tico Torres,1953-10-07,Slippery When Wet,Hard Rock,1986-08-25,Yes
David Bryan,1962-02-07,Slippery When Wet,Hard Rock,1986-08-25,Yes
Jon Bon Jovi,1962-03-02,New Jersey,Hard Rock,1988-09-19,Yes
Richie Sambora,1959-07-11,New Jersey,Hard Rock,1988-09-19,Yes
Dave “The Snake” Sabo,1964-09-16,New Jersey,Hard Rock,1988-09-19,Yes
Alec John Such,1951-11-14,New Jersey,Hard Rock,1988-09-19,Yes
Tico Torres,1953-10-07,New Jersey,Hard Rock,1988-09-19,Yes
David Bryan,1962-02-07,New Jersey,Hard Rock,1988-09-19,Yes
Jon Bon Jovi,1962-03-02,Keep The Faith,Hard Rock,1992-11-03,Yes
Richie Sambora,1959-07-11,Keep The Faith,Hard Rock,1992-11-03,Yes
Dave “The Snake” Sabo,1964-09-16,Keep The Faith,Hard Rock,1992-11-03,Yes
Alec John Such,1951-11-14,Keep The Faith,Hard Rock,1992-11-03,Yes
Tico Torres,1953-10-07,Keep The Faith,Hard Rock,1992-11-03,Yes
David Bryan,1962-02-07,Keep The Faith,Hard Rock,1992-11-03,Yes
Jon Bon Jovi,1962-03-02,Cross Road,Hard Rock,1994-10-04,Yes
Richie Sambora,1959-07-11,Cross Road,Hard Rock,1994-10-04,Yes
Dave “The Snake” Sabo,1964-09-16,Cross Road,Hard Rock,1994-10-04,Yes
Alec John Such,1951-11-14,Cross Road,Hard Rock,1994-10-04,Yes
Tico Torres,1953-10-07,Cross Road,Hard Rock,1994-10-04,Yes
David Bryan,1962-02-07,Cross Road,Hard Rock,1994-10-04,Yes
Jon Bon Jovi,1962-03-02,These Days,Hard Rock,1995-06-02,Yes
Richie Sambora,1959-07-11,These Days,Hard Rock,1995-06-02,Yes
Dave “The Snake” Sabo,1964-09-16,These Days,Hard Rock,1995-06-02,Yes
Alec John Such,1951-11-14,These Days,Hard Rock,1995-06-02,Yes
Tico Torres,1953-10-07,These Days,Hard Rock,1995-06-02,Yes
David Bryan,1962-02-07,These Days,Hard Rock,1995-06-02,Yes
Jon Bon Jovi,1962-03-02,Crush,Hard Rock,2000-06-12,Yes
Richie Sambora,1959-07-11,Crush,Hard Rock,2000-06-12,Yes
Dave “The Snake” Sabo,1964-09-16,Crush,Hard Rock,2000-06-12,Yes
Alec John Such,1951-11-14,Crush,Hard Rock,2000-06-12,Yes
Tico Torres,1953-10-07,Crush,Hard Rock,2000-06-12,Yes
David Bryan,1962-02-07,Crush,Hard Rock,2000-06-12,Yes
Jon Bon Jovi,1962-03-02,Bounce,Hard Rock,2002-10-08,Yes
Richie Sambora,1959-07-11,Bounce,Hard Rock,2002-10-08,Yes
Dave “The Snake” Sabo,1964-09-16,Bounce,Hard Rock,2002-10-08,Yes
Alec John Such,1951-11-14,Bounce,Hard Rock,2002-10-08,Yes
Tico Torres,1953-10-07,Bounce,Hard Rock,2002-10-08,Yes
David Bryan,1962-02-07,Bounce,Hard Rock,2002-10-08,Yes
Jon Bon Jovi,1962-03-02,This Left Feels Right: Greatest Hits With A Twist,Rock,2003-11-03,Yes
Richie Sambora,1959-07-11,This Left Feels Right: Greatest Hits With A Twist,Rock,2003-11-03,Yes
Dave “The Snake” Sabo,1964-09-16,This Left Feels Right: Greatest Hits With A Twist,Rock,2003-11-03,Yes
Alec John Such,1951-11-14,This Left Feels Right: Greatest Hits With A Twist,Rock,2003-11-03,Yes
Tico Torres,1953-10-07,This Left Feels Right: Greatest Hits With A Twist,Rock,2003-11-03,Yes
David Bryan,1962-02-07,This Left Feels Right: Greatest Hits With A Twist,Rock,2003-11-03,Yes
Jon Bon Jovi,1962-03-02,"100,000 Bon Jovi Fans Can't Be Wrong...",Hard Rock,2004-11-16,Yes
Richie Sambora,1959-07-11,"100,000 Bon Jovi Fans Can't Be Wrong...",Hard Rock,2004-11-16,Yes
Dave “The Snake” Sabo,1964-09-16,"100,000 Bon Jovi Fans Can't Be Wrong...",Hard Rock,2004-11-16,Yes
Alec John Such,1951-11-14,"100,000 Bon Jovi Fans Can't Be Wrong...",Hard Rock,2004-11-16,Yes
Tico Torres,1953-10-07,"100,000 Bon Jovi Fans Can't Be Wrong...",Hard Rock,2004-11-16,Yes
David Bryan,1962-02-07,"100,000 Bon Jovi Fans Can't Be Wrong...",Hard Rock,2004-11-16,Yes
Jon Bon Jovi,1962-03-02,Have A Nice Day,Rock,2005-09-01,Yes
Richie Sambora,1959-07-11,Have A Nice Day,Rock,2005-09-01,Yes
Dave “The Snake” Sabo,1964-09-16,Have A Nice Day,Rock,2005-09-01,Yes
Alec John Such,1951-11-14,Have A Nice Day,Rock,2005-09-01,Yes
Tico Torres,1953-10-07,Have A Nice Day,Rock,2005-09-01,Yes
David Bryan,1962-02-07,Have A Nice Day,Rock,2005-09-01,Yes
Jon Bon Jovi,1962-03-02,Lost Highway,Country,2007-01-01,Yes
Richie Sambora,1959-07-11,Lost Highway,Country,2007-01-01,Yes
Dave “The Snake” Sabo,1964-09-16,Lost Highway,Country,2007-01-01,Yes
Alec John Such,1951-11-14,Lost Highway,Country,2007-01-01,Yes
Tico Torres,1953-10-07,Lost Highway,Country,2007-01-01,Yes
David Bryan,1962-02-07,Lost Highway,Country,2007-01-01,Yes
Jon Bon Jovi,1962-03-02,The Circle,Hard Rock,2009-11-02,Yes
Richie Sambora,1959-07-11,The Circle,Hard Rock,2009-11-02,Yes
Dave “The Snake” Sabo,1964-09-16,The Circle,Hard Rock,2009-11-02,Yes
Alec John Such,1951-11-14,The Circle,Hard Rock,2009-11-02,Yes
Tico Torres,1953-10-07,The Circle,Hard Rock,2009-11-02,Yes
David Bryan,1962-02-07,The Circle,Hard Rock,2009-11-02,Yes
Jon Bon Jovi,1962-03-02,Greatest Hits,Rock,2008-01-01,Yes
Richie Sambora,1959-07-11,Greatest Hits,Rock,2008-01-01,Yes
Dave “The Snake” Sabo,1964-09-16,Greatest Hits,Rock,2008-01-01,Yes
Alec John Such,1951-11-14,Greatest Hits,Rock,2008-01-01,Yes
Tico Torres,1953-10-07,Greatest Hits,Rock,2008-01-01,Yes
David Bryan,1962-02-07,Greatest Hits,Rock,2008-01-01,Yes
Jon Bon Jovi,1962-03-02,What About Now,Hard Rock,2013-03-11,Yes
Richie Sambora,1959-07-11,What About Now,Hard Rock,2013-03-11,Yes
Dave “The Snake” Sabo,1964-09-16,What About Now,Hard Rock,2013-03-11,Yes
Alec John Such,1951-11-14,What About Now,Hard Rock,2013-03-11,Yes
Tico Torres,1953-10-07,What About Now,Hard Rock,2013-03-11,Yes
David Bryan,1962-02-07,What About Now,Hard Rock,2013-03-11,Yes
Flesh-N-Bone,1973-06-10,E. 1999 Eternal,Hip Hop,1998-11-24,Yes
Layzie Bone,1977-09-23,E. 1999 Eternal,Hip Hop,1998-11-24,Yes
Krayzie Bone,1973-06-17,E. 1999 Eternal,Hip Hop,1998-11-24,Yes
Bizzy Bone,1976-09-12,E. 1999 Eternal,Hip Hop,1998-11-24,Yes
Flesh-N-Bone,1973-06-10,The Art Of War,Hip Hop,1997-08-05,Yes
Layzie Bone,1977-09-23,The Art Of War,Hip Hop,1997-08-05,Yes
Krayzie Bone,1973-06-17,The Art Of War,Hip Hop,1997-08-05,Yes
Bizzy Bone,1976-09-12,The Art Of War,Hip Hop,1997-08-05,Yes
Flesh-N-Bone,1973-06-10,"The Collection, Vol. 1",Hip Hop,1998-11-24,Yes
Layzie Bone,1977-09-23,"The Collection, Vol. 1",Hip Hop,1998-11-24,Yes
Krayzie Bone,1973-06-17,"The Collection, Vol. 1",Hip Hop,1998-11-24,Yes
Bizzy Bone,1976-09-12,"The Collection, Vol. 1",Hip Hop,1998-11-24,Yes
Flesh-N-Bone,1973-06-10,BTNHResurrection,Hip Hop,2000-02-29,Yes
Layzie Bone,1977-09-23,BTNHResurrection,Hip Hop,2000-02-29,Yes
Krayzie Bone,1973-06-17,BTNHResurrection,Hip Hop,2000-02-29,Yes
Bizzy Bone,1976-09-12,BTNHResurrection,Hip Hop,2000-02-29,Yes
Flesh-N-Bone,1973-06-10,Thug World Order,Hip Hop,2002-10-29,Yes
Layzie Bone,1977-09-23,Thug World Order,Hip Hop,2002-10-29,Yes
Krayzie Bone,1973-06-17,Thug World Order,Hip Hop,2002-10-29,Yes
Bizzy Bone,1976-09-12,Thug World Order,Hip Hop,2002-10-29,Yes
Flesh-N-Bone,1973-06-10,Thug Stories,Hip Hop,2006-09-19,Yes
Layzie Bone,1977-09-23,Thug Stories,Hip Hop,2006-09-19,Yes
Krayzie Bone,1973-06-17,Thug Stories,Hip Hop,2006-09-19,Yes
Bizzy Bone,1976-09-12,Thug Stories,Hip Hop,2006-09-19,Yes
Flesh-N-Bone,1973-06-10,Strength & Loyalty,Hip Hop,2007-05-08,Yes
Layzie Bone,1977-09-23,Strength & Loyalty,Hip Hop,2007-05-08,Yes
Krayzie Bone,1973-06-17,Strength & Loyalty,Hip Hop,2007-05-08,Yes
Bizzy Bone,1976-09-12,Strength & Loyalty,Hip Hop,2007-05-08,Yes
Flesh-N-Bone,1973-06-10,T.H.U.G.S.,Hip Hop,2007-11-13,Yes
Layzie Bone,1977-09-23,T.H.U.G.S.,Hip Hop,2007-11-13,Yes
Krayzie Bone,1973-06-17,T.H.U.G.S.,Hip Hop,2007-11-13,Yes
Bizzy Bone,1976-09-12,T.H.U.G.S.,Hip Hop,2007-11-13,Yes
Flesh-N-Bone,1973-06-10,Uni5,Hip Hop,2010-05-04,Yes
Layzie Bone,1977-09-23,Uni5,Hip Hop,2010-05-04,Yes
Krayzie Bone,1973-06-17,Uni5,Hip Hop,2010-05-04,Yes
Bizzy Bone,1976-09-12,Uni5,Hip Hop,2010-05-04,Yes
Claudja Barry,1952,Take The Heat Off Me,Disco,1976-06-28,Yes
Frank Farian,1941-07-18,Take The Heat Off Me,Disco,1976-06-28,Yes
Claudja Barry,1952,Love For Sale,Disco,1994-01-01,Yes
Frank Farian,1941-07-18,Love For Sale,Disco,1994-01-01,Yes
Claudja Barry,1952,Nightflight To Venus,Disco,1978-06-26,Yes
Frank Farian,1941-07-18,Nightflight To Venus,Disco,1978-06-26,Yes
Claudja Barry,1952,Oceans Of Fantasy,Disco,1979-01-01,Yes
Frank Farian,1941-07-18,Oceans Of Fantasy,Disco,1979-01-01,Yes
Claudja Barry,1952,Christmas Album,Christmas,1981-01-01,Yes
Frank Farian,1941-07-18,Christmas Album,Christmas,1981-01-01,Yes
Claudja Barry,1952,Ten Thousand Lightyears,Pop,1984-01-01,Yes
Frank Farian,1941-07-18,Ten Thousand Lightyears,Pop,1984-01-01,Yes
Claudja Barry,1952,Kalimba De Luna - 16 Happy Songs,Pop,1984-01-01,Yes
Frank Farian,1941-07-18,Kalimba De Luna - 16 Happy Songs,Pop,1984-01-01,Yes
Claudja Barry,1952,Eye Dance,Pop,1994-01-01,Yes
Frank Farian,1941-07-18,Eye Dance,Pop,1994-01-01,Yes
Claudja Barry,1952,More Gold: 20 Super Hits Vol. II,Disco,1993-01-01,Yes
Frank Farian,1941-07-18,More Gold: 20 Super Hits Vol. II,Disco,1993-01-01,Yes
Bonnie 'Prince' Billy,1970-12-24,Black Dissimulation,Indie Folk,1998-01-01,No
Bonnie 'Prince' Billy,1970-12-24,Blue Lotus Feet,Indie Folk,1998-11-30,No
Bonnie 'Prince' Billy,1970-12-24,I See A Darkness,Indie Folk,1999-01-19,No
Bonnie 'Prince' Billy,1970-12-24,Let's Start A Family,Indie Folk,1999-06-22,No
Bonnie 'Prince' Billy,1970-12-24,Ease Down The Road,Indie Folk,2001-03-12,No
Bonnie 'Prince' Billy,1970-12-24,Master And Everyone,Indie Folk,2003-01-27,No
Bonnie 'Prince' Billy,1970-12-24,Sings Greatest Palace Music,Indie Folk,2004-03-22,No
Bonnie 'Prince' Billy,1970-12-24,Superwolf,Indie Folk,2005-01-07,No
Bonnie 'Prince' Billy,1970-12-24,The Letting Go,Indie Folk,2006-09-19,No
Bonnie 'Prince' Billy,1970-12-24,Little Lost Blues,Indie Folk,2006-09-19,No
Bonnie 'Prince' Billy,1970-12-24,Ask Forgiveness,Indie Folk,2007-11-19,No
Bonnie 'Prince' Billy,1970-12-24,Lie Down In The Light,Indie Folk,2008-05-19,No
Bonnie 'Prince' Billy,1970-12-24,Beware,Indie Folk,2009-03-17,No
Bonnie Bianco,1963-08-19,Cenerentola '80,Pop,1987-01-01,No
Bonnie Bianco,1963-08-19,Just Me,Pop,1987-01-01,No
Bonnie Bianco,1963-08-19,Lonely Is The Night,Pop,1990-01-01,No
Bonnie McKee,1984-01-20,Trouble,Pop,2004-09-28,No
Bonnie McKee,1984-01-20,Bombastic,Pop,2015-06-30,No
Bonnie Raitt,1949-11-08,Bonnie Raitt,Rock,1971-01-01,No
Bonnie Raitt,1949-11-08,Give It Up,Rock,1972-09-01,No
Bonnie Raitt,1949-11-08,Takin' My Time,Rock,1973-01-01,No
Bonnie Raitt,1949-11-08,Streetlights,Rock,1974-01-01,No
Bonnie Raitt,1949-11-08,Home Plate,Rock,1975-01-01,No
Bonnie Raitt,1949-11-08,Sweet Forgiveness,Rock,1977-04-01,No
Bonnie Raitt,1949-11-08,The Glow,Rock,1979-01-01,No
Bonnie Raitt,1949-11-08,Green Light,Rock,1982-01-01,No
Bonnie Raitt,1949-11-08,Nine Lives,Rock,1986-01-01,No
Bonnie Raitt,1949-11-08,Nick Of Time,Rock,1989-03-21,No
Bonnie Raitt,1949-11-08,Luck Of The Draw,Blues Rock,1991-06-25,No
Bonnie Raitt,1949-11-08,Longing In Their Hearts,Blues Rock,1994-03-14,No
Bonnie Raitt,1949-11-08,Road Tested,Blues Rock,1995-11-16,No
Bonnie Raitt,1949-11-08,Fundamental,Rock,1998-04-07,No
Bonnie Raitt,1949-11-08,Silver Lining,Rock,2002-04-09,No
Bonnie Raitt,1949-11-08,The Best Of Bonnie Raitt,Rock,2003-05-12,No
Bonnie Raitt,1949-11-08,Souls Alike,Rock,2005-09-13,No
Bonnie Raitt,1949-11-08,Bonnie Raitt And Friends,Rock,2006-08-15,No
Bonnie Raitt,1949-11-08,Slipstream,Blues,2012-04-10,No
Bonnie Owens,1929-10-01,Hi-Fi To Cry By,Country,1969-01-01,No
Bonnie Tyler,1951-06-08,The World Starts Tonight,Rock,1977-01-01,No
Bonnie Tyler,1951-06-08,It's A Heartache,Rock,1978-01-01,No
Bonnie Tyler,1951-06-08,Diamond Cut,Rock,1979-01-01,No
Bonnie Tyler,1951-06-08,Goodbye To The Island,Rock,1981-01-01,No
Bonnie Tyler,1951-06-08,Faster Than The Speed Of Night,Rock,1983-01-01,No
Bonnie Tyler,1951-06-08,Secret Dreams And Forbidden Fire,Rock,1986-01-01,No
Bonnie Tyler,1951-06-08,Hide Your Heart,Pop,1988-01-01,No
Bonnie Tyler,1951-06-08,Bitterblue,Pop Rock,1991-11-11,No
Bonnie Tyler,1951-06-08,Angel Heart,Rock,1992-10-05,No
Bonnie Tyler,1951-06-08,The Very Best Of Bonnie Tyler,Pop Rock,1993-01-01,No
Bonnie Tyler,1951-06-08,Silhouette In Red,Pop Rock,1993-01-01,No
Bonnie Tyler,1951-06-08,Comeback: Single Collection '90-'94,Pop Rock,1994-01-01,No
Bonnie Tyler,1951-06-08,Free Spirit,Pop Rock,1996-03-26,No
Bonnie Tyler,1951-06-08,All In One Voice,Pop Rock,1999-12-28,No
Bonnie Tyler,1951-06-08,Greatest Hits,Pop Rock,2001-07-02,No
Bonnie Tyler,1951-06-08,Heart Strings,Pop Rock,2003-03-18,No
Bonnie Tyler,1951-06-08,Simply Believe,Pop Rock,2004-04-13,No
Bonnie Tyler,1951-06-08,Wings,Pop Rock,2005-11-11,No
Bonnie Tyler,1951-06-08,Rocks And Honey,Rock,2013-03-08,No
Bonobo,1976-03-30,Animal Magic,Electronica,2001-11-11,No
Bonobo,1976-03-30,Dial %22M%22 For Monkey,Electronica,2003-06-09,No
Bonobo,1976-03-30,It Came From The Sea,Electronica,2005-09-30,No
Bonobo,1976-03-30,Days To Come,Electronica,2006-10-02,No
Bonobo,1976-03-30,Black Sands,Electronic,2010-03-29,No
Booba,1976-12-09,Temps Mort,French Hip Hop,2002-01-01,No
Booba,1976-12-09,Panthéon,French Hip Hop,2004-01-01,No
Booba,1976-12-09,Ouest Side,French Hip Hop,2006-01-01,No
Booba,1976-12-09,0.9,French Hip Hop,2008-11-24,No
Booba,1976-12-09,Lunatic,French Hip Hop,2010-11-22,No
Booba,1976-12-09,Futur,French Hip Hop,2012-11-26,No
D-Nice,1970-06-19,Criminal Minded,East Coast Hip Hop,1987-01-01,Yes
KRS-One,1965-08-20,Criminal Minded,East Coast Hip Hop,1987-01-01,Yes
DJ Scott La Rock,1962-03-02,Criminal Minded,East Coast Hip Hop,1987-01-01,Yes
D-Nice,1970-06-19,By All Means Necessary,East Coast Hip Hop,1988-05-31,Yes
KRS-One,1965-08-20,By All Means Necessary,East Coast Hip Hop,1988-05-31,Yes
DJ Scott La Rock,1962-03-02,By All Means Necessary,East Coast Hip Hop,1988-05-31,Yes
D-Nice,1970-06-19,Ghetto Music: The Blueprint Of Hip Hop,East Coast Hip Hop,1989-01-01,Yes
KRS-One,1965-08-20,Ghetto Music: The Blueprint Of Hip Hop,East Coast Hip Hop,1989-01-01,Yes
DJ Scott La Rock,1962-03-02,Ghetto Music: The Blueprint Of Hip Hop,East Coast Hip Hop,1989-01-01,Yes
D-Nice,1970-06-19,Edutainment,East Coast Hip Hop,1990-07-17,Yes
KRS-One,1965-08-20,Edutainment,East Coast Hip Hop,1990-07-17,Yes
DJ Scott La Rock,1962-03-02,Edutainment,East Coast Hip Hop,1990-07-17,Yes
D-Nice,1970-06-19,Live Hardcore Worldwide,East Coast Hip Hop,1991-03-12,Yes
KRS-One,1965-08-20,Live Hardcore Worldwide,East Coast Hip Hop,1991-03-12,Yes
DJ Scott La Rock,1962-03-02,Live Hardcore Worldwide,East Coast Hip Hop,1991-03-12,Yes
D-Nice,1970-06-19,Sex & Violence,East Coast Hip Hop,1992-01-01,Yes
KRS-One,1965-08-20,Sex & Violence,East Coast Hip Hop,1992-01-01,Yes
DJ Scott La Rock,1962-03-02,Sex & Violence,East Coast Hip Hop,1992-01-01,Yes
D-Nice,1970-06-19,Man & His Music,East Coast Hip Hop,1997-01-01,Yes
KRS-One,1965-08-20,Man & His Music,East Coast Hip Hop,1997-01-01,Yes
DJ Scott La Rock,1962-03-02,Man & His Music,East Coast Hip Hop,1997-01-01,Yes
Booker T. Jones,1944-11-12,Potato Hole,Rock,2009-04-20,No
Bootsy Collins,1951-10-26,Ultra Wave,Funk,1996-01-01,No
Bootsy Collins,1951-10-26,"The One Giveth, The Count Taketh Away",Funk,1996-01-01,No
Bootsy Collins,1951-10-26,Bootsy? Player Of The Year,Funk,1998-04-28,No
Bootsy Collins,1951-10-26,Play With Bootsy,Funk,2002-01-01,No
Andreas Hedlund,1973-11-17,The Olden Domain,Black Metal,1997-08-18,Yes
Lazare,1976-05-13,The Olden Domain,Black Metal,1997-08-18,Yes
Ivar Bjørnson,1977-01-01,The Olden Domain,Black Metal,1997-08-18,Yes
Ivar Bjørnson,1977-11-27,The Olden Domain,Black Metal,1997-08-18,Yes
Asgeir Mickelson,1969-09-30,The Olden Domain,Black Metal,1997-08-18,Yes
ICS Vortex,1974-03-04,The Olden Domain,Black Metal,1997-08-18,Yes
Tyr,1972-06-22,The Olden Domain,Black Metal,1997-08-18,Yes
Tyr,1972-06-22,The Olden Domain,Black Metal,1997-08-18,Yes
ICS Vortex,1974-03-04,The Olden Domain,Black Metal,1997-08-18,Yes
Andreas Hedlund,1973-11-17,Universal,Progressive Metal,2010-02-22,Yes
Lazare,1976-05-13,Universal,Progressive Metal,2010-02-22,Yes
Ivar Bjørnson,1977-01-01,Universal,Progressive Metal,2010-02-22,Yes
Ivar Bjørnson,1977-11-27,Universal,Progressive Metal,2010-02-22,Yes
Asgeir Mickelson,1969-09-30,Universal,Progressive Metal,2010-02-22,Yes
ICS Vortex,1974-03-04,Universal,Progressive Metal,2010-02-22,Yes
Tyr,1972-06-22,Universal,Progressive Metal,2010-02-22,Yes
Tyr,1972-06-22,Universal,Progressive Metal,2010-02-22,Yes
ICS Vortex,1974-03-04,Universal,Progressive Metal,2010-02-22,Yes
Andreas Hedlund,1973-11-17,Urd,Progressive Metal,2012-03-26,Yes
Lazare,1976-05-13,Urd,Progressive Metal,2012-03-26,Yes
Ivar Bjørnson,1977-01-01,Urd,Progressive Metal,2012-03-26,Yes
Ivar Bjørnson,1977-11-27,Urd,Progressive Metal,2012-03-26,Yes
Asgeir Mickelson,1969-09-30,Urd,Progressive Metal,2012-03-26,Yes
ICS Vortex,1974-03-04,Urd,Progressive Metal,2012-03-26,Yes
Tyr,1972-06-22,Urd,Progressive Metal,2012-03-26,Yes
Tyr,1972-06-22,Urd,Progressive Metal,2012-03-26,Yes
ICS Vortex,1974-03-04,Urd,Progressive Metal,2012-03-26,Yes
Boris Vian,1920-03-10,Chansons Possibles Et Impossibles,Chanson,1956-01-01,No
Boris Vian,1920-03-10,Boris Vian Chante Boris Vian,Chanson,2004-01-01,No
Bosse,1980-02-22,Taxi,Indie Rock,2009-02-06,No
Bosse,1980-02-22,Wartesaal,Indie Rock,2011-02-25,No
Bosse,1980-02-22,Kraniche,Rock,2013-03-08,No
Barry Goudreau,1951-11-29,Boston,Rock,1976-09-01,Yes
Michael Sweet,1963-07-04,Boston,Rock,1976-09-01,Yes
Fran Cosmo,1956-10-17,Boston,Rock,1976-09-01,Yes
Sib Hashian,1949-08-17,Boston,Rock,1976-09-01,Yes
Tommy DeCarlo,1965-04-23,Boston,Rock,1976-09-01,Yes
Jeff Neal,1969-06-15,Boston,Rock,1976-09-01,Yes
Gary Pihl,1950-11-21,Boston,Rock,1976-09-01,Yes
Brad Delp,1951-06-12,Boston,Rock,1976-09-01,Yes
Brad Delp,1951-06-12,Boston,Rock,1976-09-01,Yes
Fran Sheehan,1949-03-26,Boston,Rock,1976-09-01,Yes
Tom Scholz,1947-01-01,Boston,Rock,1976-09-01,Yes
Barry Goudreau,1951-11-29,Don't Look Back,Rock,1978-01-01,Yes
Michael Sweet,1963-07-04,Don't Look Back,Rock,1978-01-01,Yes
Fran Cosmo,1956-10-17,Don't Look Back,Rock,1978-01-01,Yes
Sib Hashian,1949-08-17,Don't Look Back,Rock,1978-01-01,Yes
Tommy DeCarlo,1965-04-23,Don't Look Back,Rock,1978-01-01,Yes
Jeff Neal,1969-06-15,Don't Look Back,Rock,1978-01-01,Yes
Gary Pihl,1950-11-21,Don't Look Back,Rock,1978-01-01,Yes
Brad Delp,1951-06-12,Don't Look Back,Rock,1978-01-01,Yes
Brad Delp,1951-06-12,Don't Look Back,Rock,1978-01-01,Yes
Fran Sheehan,1949-03-26,Don't Look Back,Rock,1978-01-01,Yes
Tom Scholz,1947-01-01,Don't Look Back,Rock,1978-01-01,Yes
Barry Goudreau,1951-11-29,Third Stage,Rock,1986-10-01,Yes
Michael Sweet,1963-07-04,Third Stage,Rock,1986-10-01,Yes
Fran Cosmo,1956-10-17,Third Stage,Rock,1986-10-01,Yes
Sib Hashian,1949-08-17,Third Stage,Rock,1986-10-01,Yes
Tommy DeCarlo,1965-04-23,Third Stage,Rock,1986-10-01,Yes
Jeff Neal,1969-06-15,Third Stage,Rock,1986-10-01,Yes
Gary Pihl,1950-11-21,Third Stage,Rock,1986-10-01,Yes
Brad Delp,1951-06-12,Third Stage,Rock,1986-10-01,Yes
Brad Delp,1951-06-12,Third Stage,Rock,1986-10-01,Yes
Fran Sheehan,1949-03-26,Third Stage,Rock,1986-10-01,Yes
Tom Scholz,1947-01-01,Third Stage,Rock,1986-10-01,Yes
Barry Goudreau,1951-11-29,Walk On,Rock,1994-06-07,Yes
Michael Sweet,1963-07-04,Walk On,Rock,1994-06-07,Yes
Fran Cosmo,1956-10-17,Walk On,Rock,1994-06-07,Yes
Sib Hashian,1949-08-17,Walk On,Rock,1994-06-07,Yes
Tommy DeCarlo,1965-04-23,Walk On,Rock,1994-06-07,Yes
Jeff Neal,1969-06-15,Walk On,Rock,1994-06-07,Yes
Gary Pihl,1950-11-21,Walk On,Rock,1994-06-07,Yes
Brad Delp,1951-06-12,Walk On,Rock,1994-06-07,Yes
Brad Delp,1951-06-12,Walk On,Rock,1994-06-07,Yes
Fran Sheehan,1949-03-26,Walk On,Rock,1994-06-07,Yes
Tom Scholz,1947-01-01,Walk On,Rock,1994-06-07,Yes
Barry Goudreau,1951-11-29,Greatest Hits,Rock,1997-01-01,Yes
Michael Sweet,1963-07-04,Greatest Hits,Rock,1997-01-01,Yes
Fran Cosmo,1956-10-17,Greatest Hits,Rock,1997-01-01,Yes
Sib Hashian,1949-08-17,Greatest Hits,Rock,1997-01-01,Yes
Tommy DeCarlo,1965-04-23,Greatest Hits,Rock,1997-01-01,Yes
Jeff Neal,1969-06-15,Greatest Hits,Rock,1997-01-01,Yes
Gary Pihl,1950-11-21,Greatest Hits,Rock,1997-01-01,Yes
Brad Delp,1951-06-12,Greatest Hits,Rock,1997-01-01,Yes
Brad Delp,1951-06-12,Greatest Hits,Rock,1997-01-01,Yes
Fran Sheehan,1949-03-26,Greatest Hits,Rock,1997-01-01,Yes
Tom Scholz,1947-01-01,Greatest Hits,Rock,1997-01-01,Yes
Barry Goudreau,1951-11-29,Corporate America,Rock,2002-01-01,Yes
Michael Sweet,1963-07-04,Corporate America,Rock,2002-01-01,Yes
Fran Cosmo,1956-10-17,Corporate America,Rock,2002-01-01,Yes
Sib Hashian,1949-08-17,Corporate America,Rock,2002-01-01,Yes
Tommy DeCarlo,1965-04-23,Corporate America,Rock,2002-01-01,Yes
Jeff Neal,1969-06-15,Corporate America,Rock,2002-01-01,Yes
Gary Pihl,1950-11-21,Corporate America,Rock,2002-01-01,Yes
Brad Delp,1951-06-12,Corporate America,Rock,2002-01-01,Yes
Brad Delp,1951-06-12,Corporate America,Rock,2002-01-01,Yes
Fran Sheehan,1949-03-26,Corporate America,Rock,2002-01-01,Yes
Tom Scholz,1947-01-01,Corporate America,Rock,2002-01-01,Yes
Barry Goudreau,1951-11-29,"Life, Love & Hope",Hard Rock,2013-12-03,Yes
Michael Sweet,1963-07-04,"Life, Love & Hope",Hard Rock,2013-12-03,Yes
Fran Cosmo,1956-10-17,"Life, Love & Hope",Hard Rock,2013-12-03,Yes
Sib Hashian,1949-08-17,"Life, Love & Hope",Hard Rock,2013-12-03,Yes
Tommy DeCarlo,1965-04-23,"Life, Love & Hope",Hard Rock,2013-12-03,Yes
Jeff Neal,1969-06-15,"Life, Love & Hope",Hard Rock,2013-12-03,Yes
Gary Pihl,1950-11-21,"Life, Love & Hope",Hard Rock,2013-12-03,Yes
Brad Delp,1951-06-12,"Life, Love & Hope",Hard Rock,2013-12-03,Yes
Brad Delp,1951-06-12,"Life, Love & Hope",Hard Rock,2013-12-03,Yes
Fran Sheehan,1949-03-26,"Life, Love & Hope",Hard Rock,2013-12-03,Yes
Tom Scholz,1947-01-01,"Life, Love & Hope",Hard Rock,2013-12-03,Yes
Bosson,1975-02-21,The Right Time,Pop,1999-01-27,No
Bosson,1975-02-21,One In A Million,Pop,2001-10-22,No
Bosson,1975-02-21,RockStar,Pop,2003-11-05,No
Bosson,1975-02-21,"Future's Gone Tomorrow, Life Is Here Today",Pop,2007-06-11,No
Boudewijn De Groot,1944-05-20,Picknick,Folk,1967-01-22,No
Boudewijn De Groot,1944-05-20,Het Beste Van Boudewijn De Groot,Singer-Songwriter,1990-01-01,No
Annabella Lwin,1966-10-31,"See Jungle! See Jungle! Go Join Your Gang, Yeah, City All Over! Go Ape Crazy!",New Wave,1981-01-01,Yes
Dave Barbarossa,1961-01-01,"See Jungle! See Jungle! Go Join Your Gang, Yeah, City All Over! Go Ape Crazy!",New Wave,1981-01-01,Yes
Leigh Gorman,1961-01-01,"See Jungle! See Jungle! Go Join Your Gang, Yeah, City All Over! Go Ape Crazy!",New Wave,1981-01-01,Yes
Matthew Ashman,1960-11-03,"See Jungle! See Jungle! Go Join Your Gang, Yeah, City All Over! Go Ape Crazy!",New Wave,1981-01-01,Yes
Annabella Lwin,1966-10-31,The Last Of The Mohicans,Pop Rock,1982-05-01,Yes
Dave Barbarossa,1961-01-01,The Last Of The Mohicans,Pop Rock,1982-05-01,Yes
Leigh Gorman,1961-01-01,The Last Of The Mohicans,Pop Rock,1982-05-01,Yes
Matthew Ashman,1960-11-03,The Last Of The Mohicans,Pop Rock,1982-05-01,Yes
Annabella Lwin,1966-10-31,When The Going Gets Tough The Tough Get Going,New Wave,1983-01-01,Yes
Dave Barbarossa,1961-01-01,When The Going Gets Tough The Tough Get Going,New Wave,1983-01-01,Yes
Leigh Gorman,1961-01-01,When The Going Gets Tough The Tough Get Going,New Wave,1983-01-01,Yes
Matthew Ashman,1960-11-03,When The Going Gets Tough The Tough Get Going,New Wave,1983-01-01,Yes
Shannon Rubicam,1951-10-11,Boy Meets Girl,Pop,1985-01-01,Yes
George Merrill,1957-08-28,Boy Meets Girl,Pop,1985-01-01,Yes
Shannon Rubicam,1951-10-11,Reel Life,Pop,1988-01-01,Yes
George Merrill,1957-08-28,Reel Life,Pop,1988-01-01,Yes
Boy George,1961-06-14,Sold,Pop Rock,1987-06-01,No
Boy George,1961-06-14,Tense Nervous Headache,Soul,1988-01-01,No
Boy George,1961-06-14,Boyfriend,Dance,1989-01-01,No
Boy George,1961-06-14,The Martyr Mantras,House,1991-01-01,No
Boy George,1961-06-14,Cheapness And Beauty,Punk Rock,1995-01-01,No
Boy George,1961-06-14,U Can Never B2 Straight,Acoustic,2002-01-01,No
Boy George,1961-06-14,Ordinary Alien,Dance,2010-10-08,No
Marc Nelson,1971-01-23,Cooleyhighharmony,R&amp;B,1993-01-01,Yes
Shawn Stockman,1972-09-26,Cooleyhighharmony,R&amp;B,1993-01-01,Yes
Nathan Morris,1971-06-18,Cooleyhighharmony,R&amp;B,1993-01-01,Yes
Wanya Morris,1973-07-29,Cooleyhighharmony,R&amp;B,1993-01-01,Yes
Marc Nelson,1971-01-23,Christmas Interpretations,Christmas,1993-10-05,Yes
Shawn Stockman,1972-09-26,Christmas Interpretations,Christmas,1993-10-05,Yes
Nathan Morris,1971-06-18,Christmas Interpretations,Christmas,1993-10-05,Yes
Wanya Morris,1973-07-29,Christmas Interpretations,Christmas,1993-10-05,Yes
Marc Nelson,1971-01-23,II,R&amp;B,1994-08-30,Yes
Shawn Stockman,1972-09-26,II,R&amp;B,1994-08-30,Yes
Nathan Morris,1971-06-18,II,R&amp;B,1994-08-30,Yes
Wanya Morris,1973-07-29,II,R&amp;B,1994-08-30,Yes
Marc Nelson,1971-01-23,The Remix Collection,R&amp;B,1995-11-07,Yes
Shawn Stockman,1972-09-26,The Remix Collection,R&amp;B,1995-11-07,Yes
Nathan Morris,1971-06-18,The Remix Collection,R&amp;B,1995-11-07,Yes
Wanya Morris,1973-07-29,The Remix Collection,R&amp;B,1995-11-07,Yes
Marc Nelson,1971-01-23,Evolution,R&amp;B,1997-09-23,Yes
Shawn Stockman,1972-09-26,Evolution,R&amp;B,1997-09-23,Yes
Nathan Morris,1971-06-18,Evolution,R&amp;B,1997-09-23,Yes
Wanya Morris,1973-07-29,Evolution,R&amp;B,1997-09-23,Yes
Marc Nelson,1971-01-23,Nathan Michael Shawn Wanya,R&amp;B,2000-09-12,Yes
Shawn Stockman,1972-09-26,Nathan Michael Shawn Wanya,R&amp;B,2000-09-12,Yes
Nathan Morris,1971-06-18,Nathan Michael Shawn Wanya,R&amp;B,2000-09-12,Yes
Wanya Morris,1973-07-29,Nathan Michael Shawn Wanya,R&amp;B,2000-09-12,Yes
Marc Nelson,1971-01-23,The Ballad Collection,R&amp;B,2000-05-17,Yes
Shawn Stockman,1972-09-26,The Ballad Collection,R&amp;B,2000-05-17,Yes
Nathan Morris,1971-06-18,The Ballad Collection,R&amp;B,2000-05-17,Yes
Wanya Morris,1973-07-29,The Ballad Collection,R&amp;B,2000-05-17,Yes
Marc Nelson,1971-01-23,Full Circle,R&amp;B,2002-05-29,Yes
Shawn Stockman,1972-09-26,Full Circle,R&amp;B,2002-05-29,Yes
Nathan Morris,1971-06-18,Full Circle,R&amp;B,2002-05-29,Yes
Wanya Morris,1973-07-29,Full Circle,R&amp;B,2002-05-29,Yes
Marc Nelson,1971-01-23,Winter/Reflections,Christmas,2005-11-30,Yes
Shawn Stockman,1972-09-26,Winter/Reflections,Christmas,2005-11-30,Yes
Nathan Morris,1971-06-18,Winter/Reflections,Christmas,2005-11-30,Yes
Wanya Morris,1973-07-29,Winter/Reflections,Christmas,2005-11-30,Yes
Marc Nelson,1971-01-23,The Remedy,R&amp;B,2007-02-14,Yes
Shawn Stockman,1972-09-26,The Remedy,R&amp;B,2007-02-14,Yes
Nathan Morris,1971-06-18,The Remedy,R&amp;B,2007-02-14,Yes
Wanya Morris,1973-07-29,The Remedy,R&amp;B,2007-02-14,Yes
Marc Nelson,1971-01-23,Motown: A Journey Through Hitsville USA,R&amp;B,2007-11-13,Yes
Shawn Stockman,1972-09-26,Motown: A Journey Through Hitsville USA,R&amp;B,2007-11-13,Yes
Nathan Morris,1971-06-18,Motown: A Journey Through Hitsville USA,R&amp;B,2007-11-13,Yes
Wanya Morris,1973-07-29,Motown: A Journey Through Hitsville USA,R&amp;B,2007-11-13,Yes
Marc Nelson,1971-01-23,Love,R&amp;B,2009-11-16,Yes
Shawn Stockman,1972-09-26,Love,R&amp;B,2009-11-16,Yes
Nathan Morris,1971-06-18,Love,R&amp;B,2009-11-16,Yes
Wanya Morris,1973-07-29,Love,R&amp;B,2009-11-16,Yes
Marc Nelson,1971-01-23,Twenty,R&amp;B,2011-10-12,Yes
Shawn Stockman,1972-09-26,Twenty,R&amp;B,2011-10-12,Yes
Nathan Morris,1971-06-18,Twenty,R&amp;B,2011-10-12,Yes
Wanya Morris,1973-07-29,Twenty,R&amp;B,2011-10-12,Yes
Ronan Keating,1977-03-03,Said And Done,Pop,1995-01-01,Yes
Stephen Gately,1976-03-17,Said And Done,Pop,1995-01-01,Yes
Shane Lynch,1976-07-03,Said And Done,Pop,1995-01-01,Yes
Keith Duffy,1974-10-01,Said And Done,Pop,1995-01-01,Yes
Ronan Keating,1977-03-03,A Different Beat,Pop,1997-01-01,Yes
Stephen Gately,1976-03-17,A Different Beat,Pop,1997-01-01,Yes
Shane Lynch,1976-07-03,A Different Beat,Pop,1997-01-01,Yes
Keith Duffy,1974-10-01,A Different Beat,Pop,1997-01-01,Yes
Ronan Keating,1977-03-03,Where We Belong,Pop,1998-11-16,Yes
Stephen Gately,1976-03-17,Where We Belong,Pop,1998-11-16,Yes
Shane Lynch,1976-07-03,Where We Belong,Pop,1998-11-16,Yes
Keith Duffy,1974-10-01,Where We Belong,Pop,1998-11-16,Yes
Ronan Keating,1977-03-03,By Request,Pop,1999-05-31,Yes
Stephen Gately,1976-03-17,By Request,Pop,1999-05-31,Yes
Shane Lynch,1976-07-03,By Request,Pop,1999-05-31,Yes
Keith Duffy,1974-10-01,By Request,Pop,1999-05-31,Yes
Ronan Keating,1977-03-03,Ballads - The Love Song Collection,Pop,2003-03-17,Yes
Stephen Gately,1976-03-17,Ballads - The Love Song Collection,Pop,2003-03-17,Yes
Shane Lynch,1976-07-03,Ballads - The Love Song Collection,Pop,2003-03-17,Yes
Keith Duffy,1974-10-01,Ballads - The Love Song Collection,Pop,2003-03-17,Yes
Ronan Keating,1977-03-03,Back Again... No Matter What,Pop,2008-10-24,Yes
Stephen Gately,1976-03-17,Back Again... No Matter What,Pop,2008-10-24,Yes
Shane Lynch,1976-07-03,Back Again... No Matter What,Pop,2008-10-24,Yes
Keith Duffy,1974-10-01,Back Again... No Matter What,Pop,2008-10-24,Yes
Ronan Keating,1977-03-03,Brother,Pop,2010-03-08,Yes
Stephen Gately,1976-03-17,Brother,Pop,2010-03-08,Yes
Shane Lynch,1976-07-03,Brother,Pop,2010-03-08,Yes
Keith Duffy,1974-10-01,Brother,Pop,2010-03-08,Yes
Boz Scaggs,1944-06-08,Boz Scaggs,Rock,1969-01-01,No
Boz Scaggs,1944-06-08,Moments,Rock,1971-01-01,No
Boz Scaggs,1944-06-08,Boz Scaggs & Band,Rock,1971-01-01,No
Boz Scaggs,1944-06-08,My Time,Rock,1972-10-01,No
Boz Scaggs,1944-06-08,Slow Dancer,Rock,1974-01-01,No
Boz Scaggs,1944-06-08,Silk Degrees,R&amp;B,1976-01-01,No
Boz Scaggs,1944-06-08,Down Two Then Left,Rock,1977-01-01,No
Boz Scaggs,1944-06-08,Middle Man,Rock,1980-01-01,No
Boz Scaggs,1944-06-08,Hits!,Rock,1980-01-01,No
Boz Scaggs,1944-06-08,Other Roads,Rock,1988-08-30,No
Boz Scaggs,1944-06-08,Some Change,Rock,1994-04-05,No
Boz Scaggs,1944-06-08,Fade Into Light,Rock,1996-11-19,No
Boz Scaggs,1944-06-08,Come On Home,Rock,1997-04-08,No
Boz Scaggs,1944-06-08,Dig,Rock,2001-09-11,No
Boz Scaggs,1944-06-08,But Beautiful,Rock,2003-05-06,No
Boz Scaggs,1944-06-08,Speak Low,Rock,2008-10-28,No
Brad Paisley,1972-10-28,Who Needs Pictures,Country,1999-05-18,No
Brad Paisley,1972-10-28,Part II,Country,2001-05-01,No
Brad Paisley,1972-10-28,Mud On The Tires,Country,2003-07-22,No
Brad Paisley,1972-10-28,Time Well Wasted,Country,2005-08-16,No
Brad Paisley,1972-10-28,Brad Paisley Christmas,Christmas,2006-10-10,No
Brad Paisley,1972-10-28,5th Gear,Country,2007-06-19,No
Brad Paisley,1972-10-28,Play: The Guitar Album,Country,2008-11-10,No
Brad Paisley,1972-10-28,American Saturday Night,Country,2009-06-26,No
Brad Paisley,1972-10-28,This Is Country Music,Country,2011-05-23,No
Brad Paisley,1972-10-28,Wheelhouse,Country,2013-04-09,No
Brad Paisley,1972-10-28,Moonshine In The Trunk,Country,2014-08-25,No
Brad Sucks,1976-11-14,I Don't Know What I'm Doing,Rock,2007-01-08,No
Brad Sucks,1976-11-14,Out Of It,Rock,2008-09-08,No
Brainpower,1975-02-05,Door Merg & Brain,Hip Hop,2001-01-01,No
Brainpower,1975-02-05,Verschil Moet Er Zijn,Hip Hop,2002-01-01,No
Brainpower,1975-02-05,Even Stil,Hip Hop,2005-05-20,No
Sadat X,1968-12-29,One For All,Hip Hop,1990-12-04,Yes
Grand Puba,1966-03-04,One For All,Hip Hop,1990-12-04,Yes
Lord Jamar,1968-09-17,One For All,Hip Hop,1990-12-04,Yes
Sadat X,1968-12-29,In God We Trust,Hip Hop,1992-01-01,Yes
Grand Puba,1966-03-04,In God We Trust,Hip Hop,1992-01-01,Yes
Lord Jamar,1968-09-17,In God We Trust,Hip Hop,1992-01-01,Yes
Sadat X,1968-12-29,Everything Is Everything,Hip Hop,1994-11-01,Yes
Grand Puba,1966-03-04,Everything Is Everything,Hip Hop,1994-11-01,Yes
Lord Jamar,1968-09-17,Everything Is Everything,Hip Hop,1994-11-01,Yes
Sadat X,1968-12-29,Foundation,Hip Hop,1998-09-29,Yes
Grand Puba,1966-03-04,Foundation,Hip Hop,1998-09-29,Yes
Lord Jamar,1968-09-17,Foundation,Hip Hop,1998-09-29,Yes
Sadat X,1968-12-29,Fire In The Hole,Hip Hop,2004-08-10,Yes
Grand Puba,1966-03-04,Fire In The Hole,Hip Hop,2004-08-10,Yes
Lord Jamar,1968-09-17,Fire In The Hole,Hip Hop,2004-08-10,Yes
Sadat X,1968-12-29,Time's Runnin' Out,Hip Hop,2007-08-21,Yes
Grand Puba,1966-03-04,Time's Runnin' Out,Hip Hop,2007-08-21,Yes
Lord Jamar,1968-09-17,Time's Runnin' Out,Hip Hop,2007-08-21,Yes
Brandon Boyd,1976-02-15,The Wild Trapeze,Alternative Rock,2010-07-06,No
Brandi Carlile,1981-06-01,Room For Me,Folk Rock,2000-01-01,No
Brandi Carlile,1981-06-01,Open Doors,Folk Rock,2002-01-01,No
Brandi Carlile,1981-06-01,We're Growing Up,Folk Rock,2003-01-01,No
Brandi Carlile,1981-06-01,Brandi Carlile,Folk Rock,2005-07-12,No
Brandi Carlile,1981-06-01,The Story,Folk Rock,2007-04-03,No
Brandi Carlile,1981-06-01,Give Up The Ghost,Folk Rock,2009-11-23,No
Brandi Carlile,1981-06-01,XOBC,Folk Rock,2010-02-08,No
Brandi Carlile,1981-06-01,Live At Benaroya Hall With The Seattle Symphony,Country,2011-05-03,No
Brandi Carlile,1981-06-01,Bear Creek,Folk Rock,2012-06-01,No
Brandi Carlile,1981-06-01,The Firewatcher's Daughter,Folk Rock,2015-03-03,No
Brandon Flowers,1981-06-21,Flamingo,Alternative Rock,2010-09-03,No
Brandon Flowers,1981-06-21,The Desired Effect,New Wave,2015-05-15,No
Brandon Heath,1978-07-21,Don't Get Comfortable,Contemporary Christian,2006-09-06,No
Brandon Heath,1978-07-21,What If We,Contemporary Christian,2008-08-19,No
Brandon Heath,1978-07-21,Leaving Eden,Christian,2011-01-18,No
Brandon Heath,1978-07-21,Blue Mountain,Christian,2012-10-09,No
Brantley Gilbert,1985-01-20,Modern Day Prodigal Son,Country Rock,2011-10-18,No
Brantley Gilbert,1985-01-20,Halfway To Heaven,Country Rock,2010-03-16,No
Brantley Gilbert,1985-01-20,Just As I Am,Country,2014-05-19,No
Brandy,1979-02-11,Brandy,R&amp;B,1994-09-27,No
Brandy,1979-02-11,Never Say Never,R&amp;B,1998-01-01,No
Brandy,1979-02-11,Full Moon,R&amp;B,2002-02-25,No
Brandy,1979-02-11,Afrodisiac,R&amp;B,2004-06-29,No
Brandy,1979-02-11,Human,R&amp;B,2008-12-09,No
Brandy,1979-02-11,Two Eleven,R&amp;B,2012-10-16,No
Brant Bjork,1973-03-19,Jalamanta,Stoner Rock,1999-11-19,No
Molly Neuman,1972-06-18,Pottymouth,Riot Grrrl,1993-06-01,Yes
Allison Wolfe,1969-11-09,Pottymouth,Riot Grrrl,1993-06-01,Yes
Molly Neuman,1972-06-18,The Real Janelle,Riot Grrrl,1994-01-01,Yes
Allison Wolfe,1969-11-09,The Real Janelle,Riot Grrrl,1994-01-01,Yes
Molly Neuman,1972-06-18,"Ladies, Women And Girls",Riot Grrrl,2000-10-01,Yes
Allison Wolfe,1969-11-09,"Ladies, Women And Girls",Riot Grrrl,2000-10-01,Yes
Molly Neuman,1972-06-18,Girls Get Busy,Riot Grrrl,2002-01-01,Yes
Allison Wolfe,1969-11-09,Girls Get Busy,Riot Grrrl,2002-01-01,Yes
Keith Hoerig,1972-08-04,So Far From Home,Rock,2000-06-20,Yes
Reese Roper,1973-06-30,So Far From Home,Rock,2000-06-20,Yes
Andrew Verdecchio,1974-01-01,So Far From Home,Rock,2000-06-20,Yes
Dennis Culp,1970-04-23,So Far From Home,Rock,2000-06-20,Yes
Keith Hoerig,1972-08-04,The Light Of Things Hoped For,Rock,2003-03-25,Yes
Reese Roper,1973-06-30,The Light Of Things Hoped For,Rock,2003-03-25,Yes
Andrew Verdecchio,1974-01-01,The Light Of Things Hoped For,Rock,2003-03-25,Yes
Dennis Culp,1970-04-23,The Light Of Things Hoped For,Rock,2003-03-25,Yes
Keith Hoerig,1972-08-04,Anti-Meridian,Space Rock,2008-09-16,Yes
Reese Roper,1973-06-30,Anti-Meridian,Space Rock,2008-09-16,Yes
Andrew Verdecchio,1974-01-01,Anti-Meridian,Space Rock,2008-09-16,Yes
Dennis Culp,1970-04-23,Anti-Meridian,Space Rock,2008-09-16,Yes
David Gates,1940-12-11,Bread,Soft Rock,1969-01-01,Yes
Michael Botts,1944-12-08,Bread,Soft Rock,1969-01-01,Yes
Larry Knechtel,1940-08-04,Bread,Soft Rock,1969-01-01,Yes
Robb Royer,1942-12-06,Bread,Soft Rock,1969-01-01,Yes
David Gates,1940-12-11,On The Waters,Soft Rock,1970-01-01,Yes
Michael Botts,1944-12-08,On The Waters,Soft Rock,1970-01-01,Yes
Larry Knechtel,1940-08-04,On The Waters,Soft Rock,1970-01-01,Yes
Robb Royer,1942-12-06,On The Waters,Soft Rock,1970-01-01,Yes
David Gates,1940-12-11,Manna,Soft Rock,1971-01-01,Yes
Michael Botts,1944-12-08,Manna,Soft Rock,1971-01-01,Yes
Larry Knechtel,1940-08-04,Manna,Soft Rock,1971-01-01,Yes
Robb Royer,1942-12-06,Manna,Soft Rock,1971-01-01,Yes
David Gates,1940-12-11,Baby I'm-A Want You,Soft Rock,1972-01-01,Yes
Michael Botts,1944-12-08,Baby I'm-A Want You,Soft Rock,1972-01-01,Yes
Larry Knechtel,1940-08-04,Baby I'm-A Want You,Soft Rock,1972-01-01,Yes
Robb Royer,1942-12-06,Baby I'm-A Want You,Soft Rock,1972-01-01,Yes
David Gates,1940-12-11,Guitar Man,Soft Rock,1972-10-01,Yes
Michael Botts,1944-12-08,Guitar Man,Soft Rock,1972-10-01,Yes
Larry Knechtel,1940-08-04,Guitar Man,Soft Rock,1972-10-01,Yes
Robb Royer,1942-12-06,Guitar Man,Soft Rock,1972-10-01,Yes
David Gates,1940-12-11,Lost Without Your Love,Soft Rock,1977-01-01,Yes
Michael Botts,1944-12-08,Lost Without Your Love,Soft Rock,1977-01-01,Yes
Larry Knechtel,1940-08-04,Lost Without Your Love,Soft Rock,1977-01-01,Yes
Robb Royer,1942-12-06,Lost Without Your Love,Soft Rock,1977-01-01,Yes
Brenda Russell,1949-04-08,Get Here,R&amp;B,1988-03-21,No
Brendan Canning,1969,Something For All Of Us...,Baroque Pop,2008-07-22,No
Brendan Benson,1970-11-14,"My Old, Familiar Friend",Pop Rock,2009-08-18,No
Brendan James,1979-07-17,The Ballroom Break-In EP,Adult Contemporary,2007-01-01,No
Brendan Perry,1959-06-30,Eye Of The Hunter,Dream Pop,1999-10-04,No
Brendan Perry,1959-06-30,Ark,Rock,2010-06-07,No
Brenda Lee,1944-12-11,"Grandma, What Great Songs You Sang!",Rockabilly,1959-08-03,No
Brenda Lee,1944-12-11,Brenda Lee,Pop,1960-08-01,No
Brenda Lee,1944-12-11,This Is...Brenda,Pop,2012-01-01,No
Brenda Lee,1944-12-11,Emotions,Pop,1960-01-01,No
Brenda Lee,1944-12-11,All The Way,Pop,1961-01-01,No
Brenda Lee,1944-12-11,All Alone Am I,Pop,1963-01-01,No
Brenda Lee,1944-12-11,...Let Me Sing,Pop,1963-01-01,No
Brenda Lee,1944-12-11,Brenda,Pop,1973-01-01,No
Brenda Lee,1944-12-11,Sincerely,Pop,1962-01-01,No
Brenda Lee,1944-12-11,The Winning Hand,Country,1982-12-01,No
Brenda Lee,1944-12-11,Little Miss Dynamite,Pop,1995-01-01,No
Brenda Lee,1944-12-11,Rockin' Around The Christmas Tree,Christmas,1999-10-12,No
Brentalfloss,1984-04-12,What If This CD... Had Lyrics?,Comedy,2010-04-21,No
Brentalfloss,1984-04-12,What If This CD... Had G-Rated Lyrics?,Comedy,2011-06-18,No
Brentalfloss,1984-04-12,Bits Of Me,Comedy,2012-06-07,No
Brentalfloss,1984-04-12,Flossophy,Comedy,2014-02-25,No
Bret Michaels,1963-03-15,Freedom Of Sound,Country Rock,2005-01-01,No
Bret Michaels,1963-03-15,Custom Built,Country Rock,2010-07-06,No
Brett Eldredge,1986-03-23,Bring You Back,Country,2013-08-06,No
Brett Eldredge,1986-03-23,Illinois,Country,2015-09-11,No
Brett Dennen,1979-10-28,Brett Dennen,Folk,2005-07-12,No
Brett Dennen,1979-10-28,So Much More,Folk,2006-09-19,No
Brett Dennen,1979-10-28,Hope For The Hopeless,Folk,2008-10-21,No
Brett Dennen,1979-10-28,Loverboy,Folk,2011-04-12,No
Brett Dennen,1979-10-28,Smoke And Mirrors,Adult Alternative,2013-10-22,No
Brett Dennen,1979-10-28,(More) So Much More,Folk,2007-06-05,No
Brett Anderson,1979-05-30,Brett Anderson,Britpop,2007-03-26,No
Brett Anderson,1979-05-30,Wilderness,Britpop,2008-08-04,No
Brett Anderson,1979-05-30,Slow Attack,Britpop,2009-11-02,No
Brian Doerksen,1965,You Shine,Christian Rock,2002-09-17,No
Brian Doerksen,1965,Today,Christian Rock,2004-01-01,No
Brian Doerksen,1965,Holy God,Worship,2006-01-01,No
Brian Doerksen,1965,It's Time,Christian Rock,2008-10-14,No
Brian Eno,1948-05-15,Here Come The Warm Jets,Art Rock,1973-11-01,No
Brian Eno,1948-05-15,Taking Tiger Mountain (By Strategy),Art Rock,1974-01-01,No
Brian Eno,1948-05-15,Another Green World,Art Rock,1975-01-01,No
Brian Eno,1948-05-15,Discreet Music,Ambient,1980-01-01,No
Brian Eno,1948-05-15,Before And After Science,Art Rock,2004-05-31,No
Brian Eno,1948-05-15,Ambient 1: Music For Airports,Ambient,1978-01-01,No
Brian Eno,1948-05-15,Music For Films,Ambient,1978-10-01,No
Brian Eno,1948-05-15,Ambient 4: On Land,Ambient,1982-04-01,No
Brian Eno,1948-05-15,Apollo: Atmospheres And Soundtracks,Ambient,1983-07-01,No
Brian Eno,1948-05-15,Thursday Afternoon,Ambient,1985-01-01,No
Brian Eno,1948-05-15,My Squelchy Life,Electronica,1991-09-01,No
Brian Eno,1948-05-15,Nerve Net,Electronica,2005-06-28,No
Brian Eno,1948-05-15,The Shutov Assembly,Ambient,1992-11-01,No
Brian Eno,1948-05-15,The Drop,Ambient,2005-06-28,No
Brian Eno,1948-05-15,Another Day On Earth,Ambient,2005-06-14,No
Brian Head Welch,1970-06-19,Save Me From Myself,Christian Metal,2008-09-09,No
Brian Johnson,1947-10-05,Love Came Down,Worship,2010-11-09,No
Brian Hyland,1943-11-12,The Bashful Blond,Rock,1960-01-01,No
Brian Hyland,1943-11-12,Sealed With A Kiss,Pop,1962-01-01,No
Brian Hyland,1943-11-12,Brian Hyland,Pop,1970-01-01,No
Brian May,1947-07-19,Star Fleet Project,Rock,1983-10-31,No
Brian May,1947-07-19,Back To The Light,Rock,1992-09-28,No
Brian May,1947-07-19,Another World,Rock,1998-06-01,No
Brian May,1947-07-19,Red Special,Rock,1998-10-28,No
Brian McFadden,1980-04-12,Irish Son,Pop,2004-11-29,No
Brian McFadden,1980-04-12,Set In Stone,Pop,2008-04-22,No
Brian McFadden,1980-04-12,Wall Of Soundz,Electropop,2010-04-27,No
Brian McKnight,1969-06-05,Brian McKnight,R&amp;B,1992-06-23,No
Brian McKnight,1969-06-05,I Remember You,R&amp;B,1995-08-08,No
Brian McKnight,1969-06-05,Anytime,R&amp;B,1997-09-23,No
Brian McKnight,1969-06-05,Bethlehem,Christmas,1998-10-20,No
Brian McKnight,1969-06-05,Back At One,R&amp;B,1999-09-21,No
Brian McKnight,1969-06-05,Superhero,R&amp;B,2001-08-21,No
Brian McKnight,1969-06-05,From There To Here: 1989-2002,R&amp;B,2002-10-30,No
Brian McKnight,1969-06-05,U Turn,R&amp;B,2003-03-25,No
Brian McKnight,1969-06-05,Gemini,R&amp;B,2005-02-08,No
Brian McKnight,1969-06-05,Ten,R&amp;B,2006-12-05,No
Brian McKnight,1969-06-05,I'll Be Home For Christmas,Christmas,2008-10-28,No
Brian McKnight,1969-06-05,Evolution Of A Man,R&amp;B,2009-10-27,No
Brian McKnight,1969-06-05,Just Me,R&amp;B,2011-07-12,No
Brian McKnight,1969-06-05,More Than Words,R&amp;B,2013-03-19,No
Brian McNeill,1950-04-06,The Baltic Tae Byzantium,Folk,2009-01-01,No
Brian Setzer,1959-04-10,The Knife Feels Like Justice,Rock,1986-01-01,No
Brian Setzer,1959-04-10,Live Nude Guitars,Rock,1988-01-01,No
Brian Setzer,1959-04-10,Rockin' By Myself,Rock,1993-10-27,No
Brian Vander Ark,1964-06-19,Resurrection,Pop Rock,2004-01-01,No
Brian Vander Ark,1964-06-19,"Angel, Put Your Face On",Pop Rock,2006-05-16,No
Brian Welch,1970-06-19,Save Me From Myself,Christian Metal,2008-09-09,No
Brian Wilson,1942-06-20,Brian Wilson,Pop,1988-07-12,No
Brian Wilson,1942-06-20,I Just Wasn't Made For These Times,Rock,1995-08-15,No
Brian Wilson,1942-06-20,Imagination,Soft Rock,1998-06-16,No
Brian Wilson,1942-06-20,Live At The Roxy Theatre,Rock,2001-06-19,No
Brian Wilson,1942-06-20,Brian Wilson Presents Pet Sounds Live,Pop,2002-06-11,No
Brian Wilson,1942-06-20,Gettin' In Over My Head,Rock,2004-06-22,No
Brian Wilson,1942-06-20,Smile,Rock,2004-09-28,No
Brian Wilson,1942-06-20,What I Really Want For Christmas,Christmas,2005-10-18,No
Brian Wilson,1942-06-20,That Lucky Old Sun,Adult Contemporary,2008-09-02,No
Brian Wilson,1942-06-20,Brian Wilson Reimagines Gershwin,Pop,2010-08-17,No
Brian Wilson,1942-06-20,In The Key Of Disney,Pop,2011-10-24,No
Brian Wilson,1942-06-20,No Pier Pressure,Pop,2015-04-07,No
Bridgit Mendler,1992-12-18,Hello My Name Is...,Pop,2012-10-22,No
Brie Larson,1989-10-01,Finally Out Of P.E.,Teen Pop,2005-10-16,No
Conor Oberst,1980-02-15,A Collection Of Songs Written And Recorded 1995-1997,Indie Rock,1998-01-01,Yes
Nathaniel Walcott,1978-03-06,A Collection Of Songs Written And Recorded 1995-1997,Indie Rock,1998-01-01,Yes
Maria Taylor,1976-05-21,A Collection Of Songs Written And Recorded 1995-1997,Indie Rock,1998-01-01,Yes
Nate Walcott,1978-03-06,A Collection Of Songs Written And Recorded 1995-1997,Indie Rock,1998-01-01,Yes
Conor Oberst,1980-02-15,Letting Off The Happiness,Indie Rock,1998-09-02,Yes
Nathaniel Walcott,1978-03-06,Letting Off The Happiness,Indie Rock,1998-09-02,Yes
Maria Taylor,1976-05-21,Letting Off The Happiness,Indie Rock,1998-09-02,Yes
Nate Walcott,1978-03-06,Letting Off The Happiness,Indie Rock,1998-09-02,Yes
Conor Oberst,1980-02-15,Every Day And Every Night,Indie Rock,1999-11-01,Yes
Nathaniel Walcott,1978-03-06,Every Day And Every Night,Indie Rock,1999-11-01,Yes
Maria Taylor,1976-05-21,Every Day And Every Night,Indie Rock,1999-11-01,Yes
Nate Walcott,1978-03-06,Every Day And Every Night,Indie Rock,1999-11-01,Yes
Conor Oberst,1980-02-15,Fevers And Mirrors,Indie Rock,2000-05-30,Yes
Nathaniel Walcott,1978-03-06,Fevers And Mirrors,Indie Rock,2000-05-30,Yes
Maria Taylor,1976-05-21,Fevers And Mirrors,Indie Rock,2000-05-30,Yes
Nate Walcott,1978-03-06,Fevers And Mirrors,Indie Rock,2000-05-30,Yes
Conor Oberst,1980-02-15,Don't Be Frightened Of Turning The Page,Indie Rock,2000-09-21,Yes
Nathaniel Walcott,1978-03-06,Don't Be Frightened Of Turning The Page,Indie Rock,2000-09-21,Yes
Maria Taylor,1976-05-21,Don't Be Frightened Of Turning The Page,Indie Rock,2000-09-21,Yes
Nate Walcott,1978-03-06,Don't Be Frightened Of Turning The Page,Indie Rock,2000-09-21,Yes
Conor Oberst,1980-02-15,There Is No Beginning To The Story,Indie Rock,2002-05-06,Yes
Nathaniel Walcott,1978-03-06,There Is No Beginning To The Story,Indie Rock,2002-05-06,Yes
Maria Taylor,1976-05-21,There Is No Beginning To The Story,Indie Rock,2002-05-06,Yes
Nate Walcott,1978-03-06,There Is No Beginning To The Story,Indie Rock,2002-05-06,Yes
Conor Oberst,1980-02-15,"Lifted Or The Story Is In The Soil, Keep Your Ear To The Ground",Indie Rock,2000-05-30,Yes
Nathaniel Walcott,1978-03-06,"Lifted Or The Story Is In The Soil, Keep Your Ear To The Ground",Indie Rock,2000-05-30,Yes
Maria Taylor,1976-05-21,"Lifted Or The Story Is In The Soil, Keep Your Ear To The Ground",Indie Rock,2000-05-30,Yes
Nate Walcott,1978-03-06,"Lifted Or The Story Is In The Soil, Keep Your Ear To The Ground",Indie Rock,2000-05-30,Yes
Conor Oberst,1980-02-15,A Christmas Album,Indie Rock,2002-12-01,Yes
Nathaniel Walcott,1978-03-06,A Christmas Album,Indie Rock,2002-12-01,Yes
Maria Taylor,1976-05-21,A Christmas Album,Indie Rock,2002-12-01,Yes
Nate Walcott,1978-03-06,A Christmas Album,Indie Rock,2002-12-01,Yes
Conor Oberst,1980-02-15,Digital Ash In A Digital Urn,Indie Rock,2005-01-24,Yes
Nathaniel Walcott,1978-03-06,Digital Ash In A Digital Urn,Indie Rock,2005-01-24,Yes
Maria Taylor,1976-05-21,Digital Ash In A Digital Urn,Indie Rock,2005-01-24,Yes
Nate Walcott,1978-03-06,Digital Ash In A Digital Urn,Indie Rock,2005-01-24,Yes
Conor Oberst,1980-02-15,"I'm Wide Awake, It's Morning",Indie Rock,2005-01-24,Yes
Nathaniel Walcott,1978-03-06,"I'm Wide Awake, It's Morning",Indie Rock,2005-01-24,Yes
Maria Taylor,1976-05-21,"I'm Wide Awake, It's Morning",Indie Rock,2005-01-24,Yes
Nate Walcott,1978-03-06,"I'm Wide Awake, It's Morning",Indie Rock,2005-01-24,Yes
Conor Oberst,1980-02-15,Motion Sickness: Live Recordings,Indie Rock,2005-11-15,Yes
Nathaniel Walcott,1978-03-06,Motion Sickness: Live Recordings,Indie Rock,2005-11-15,Yes
Maria Taylor,1976-05-21,Motion Sickness: Live Recordings,Indie Rock,2005-11-15,Yes
Nate Walcott,1978-03-06,Motion Sickness: Live Recordings,Indie Rock,2005-11-15,Yes
Conor Oberst,1980-02-15,Noise Floor (Rarities: 1998-2005),Indie Rock,2006-10-24,Yes
Nathaniel Walcott,1978-03-06,Noise Floor (Rarities: 1998-2005),Indie Rock,2006-10-24,Yes
Maria Taylor,1976-05-21,Noise Floor (Rarities: 1998-2005),Indie Rock,2006-10-24,Yes
Nate Walcott,1978-03-06,Noise Floor (Rarities: 1998-2005),Indie Rock,2006-10-24,Yes
Conor Oberst,1980-02-15,Four Winds,Indie Rock,2007-04-02,Yes
Nathaniel Walcott,1978-03-06,Four Winds,Indie Rock,2007-04-02,Yes
Maria Taylor,1976-05-21,Four Winds,Indie Rock,2007-04-02,Yes
Nate Walcott,1978-03-06,Four Winds,Indie Rock,2007-04-02,Yes
Conor Oberst,1980-02-15,Cassadaga,Indie Rock,2007-04-09,Yes
Nathaniel Walcott,1978-03-06,Cassadaga,Indie Rock,2007-04-09,Yes
Maria Taylor,1976-05-21,Cassadaga,Indie Rock,2007-04-09,Yes
Nate Walcott,1978-03-06,Cassadaga,Indie Rock,2007-04-09,Yes
Conor Oberst,1980-02-15,The People's Key,Indie Rock,2011-02-11,Yes
Nathaniel Walcott,1978-03-06,The People's Key,Indie Rock,2011-02-11,Yes
Maria Taylor,1976-05-21,The People's Key,Indie Rock,2011-02-11,Yes
Nate Walcott,1978-03-06,The People's Key,Indie Rock,2011-02-11,Yes
Brigitte Bardot,1934-09-28,Brigitte Bardot,French Pop,1963-01-01,No
Brigitte Bardot,1934-09-28,B.B.,French Pop,1964-01-01,No
Brigitte Bardot,1934-09-28,Brigitte Bardot Show,French Pop,1968-01-01,No
Jimmy Cauty,1956-12-19,Kiss The Lips Of Life,Rock,1986-01-01,Yes
Andy Anderson,1951-01-30,Kiss The Lips Of Life,Rock,1986-01-01,Yes
Martin Glover,1960-12-27,Kiss The Lips Of Life,Rock,1986-01-01,Yes
Brigitte Fontaine,1939-06-24,Kékéland,Alternative Rock,2001-08-20,No
Brigitte Fontaine,1939-06-24,Rue Saint-Louis-En-L'Île,French Pop,2004-01-01,No
Brigitte Fontaine,1939-06-24,Libido,French Pop,2006-01-01,No
Brigitte Fontaine,1939-06-24,Prohibition,Pop Rock,2009-10-05,No
Brigitte Fontaine,1939-06-24,L'Un N'Empêche Pas L'Autre,French Pop,2011-05-23,No
Brisa Roché,1976-04-26,The Chase,Indie Pop,2005-01-01,No
Brisa Roché,1976-04-26,Takes,Indie Pop,2007-01-01,No
Brisa Roché,1976-04-26,All Right Now,Indie Pop,2010-09-13,No
Eamon Hamilton,1974-01-01,Remember Me,Indie Rock,2001-12-03,Yes
Phil Sumner,1990-01-01,Remember Me,Indie Rock,2001-12-03,Yes
Eamon Hamilton,1974-01-01,The Decline Of British Sea Power,Indie Rock,2003-06-02,Yes
Phil Sumner,1990-01-01,The Decline Of British Sea Power,Indie Rock,2003-06-02,Yes
Eamon Hamilton,1974-01-01,The Spirit Of St. Louis,Indie Rock,2004-07-22,Yes
Phil Sumner,1990-01-01,The Spirit Of St. Louis,Indie Rock,2004-07-22,Yes
Eamon Hamilton,1974-01-01,Open Season,Indie Rock,2005-04-04,Yes
Phil Sumner,1990-01-01,Open Season,Indie Rock,2005-04-04,Yes
Eamon Hamilton,1974-01-01,Do You Like Rock Music?,Indie Rock,2008-01-14,Yes
Phil Sumner,1990-01-01,Do You Like Rock Music?,Indie Rock,2008-01-14,Yes
Eamon Hamilton,1974-01-01,Valhalla Dancehall,Indie Rock,2011-01-10,Yes
Phil Sumner,1990-01-01,Valhalla Dancehall,Indie Rock,2011-01-10,Yes
Britney Spears,1981-12-02,...Baby One More Time,Teen Pop,1999-05-27,No
Britney Spears,1981-12-02,Oops!...I Did It Again,Pop,2000-04-25,No
Britney Spears,1981-12-02,Britney,Dance-Pop,2001-11-06,No
Britney Spears,1981-12-02,In The Zone,Pop,2003-11-17,No
Britney Spears,1981-12-02,Greatest Hits: My Prerogative,Pop,2004-11-08,No
Britney Spears,1981-12-02,B In The Mix: The Remixes,Dance,2005-11-28,No
Britney Spears,1981-12-02,Blackout,Pop,2007-10-30,No
Britney Spears,1981-12-02,Circus,Pop,2008-12-02,No
Britney Spears,1981-12-02,The Singles Collection,Pop,2009-11-10,No
Britney Spears,1981-12-02,Femme Fatale,Pop,2011-04-06,No
Britney Spears,1981-12-02,Britney Jean,Pop,2013-11-29,No
Michael Kelly Smith,1958-01-01,Britny Fox,Glam Metal,2007-01-01,Yes
Michael Kelly Smith,1958-01-01,Britny Fox,Glam Metal,2007-01-01,Yes
Greg D’Angelo,1963-12-18,Britny Fox,Glam Metal,2007-01-01,Yes
Michael Kelly Smith,1958-01-01,Boys In Heat,Glam Metal,1989-10-01,Yes
Michael Kelly Smith,1958-01-01,Boys In Heat,Glam Metal,1989-10-01,Yes
Greg D’Angelo,1963-12-18,Boys In Heat,Glam Metal,1989-10-01,Yes
Michael Kelly Smith,1958-01-01,Bite Down Hard,Glam Metal,1991-10-29,Yes
Michael Kelly Smith,1958-01-01,Bite Down Hard,Glam Metal,1991-10-29,Yes
Greg D’Angelo,1963-12-18,Bite Down Hard,Glam Metal,1991-10-29,Yes
Michael Kelly Smith,1958-01-01,Springhead Motorshark,Hard Rock,2003-07-29,Yes
Michael Kelly Smith,1958-01-01,Springhead Motorshark,Hard Rock,2003-07-29,Yes
Greg D’Angelo,1963-12-18,Springhead Motorshark,Hard Rock,2003-07-29,Yes
Britt Daniel,1971-04-14,Home Volume IV,Indie Rock,2002-07-11,No
Britt Nicole,1984-08-02,Say It,Christian,2007-05-22,No
Britt Nicole,1984-08-02,Acoustic,Acoustic,2010-08-24,No
Håkan Hellström,1974-04-02,When We Were Winning,Rock,2003-09-17,Yes
Anders Göthberg,1975-10-09,When We Were Winning,Rock,2003-09-17,Yes
Brody Dalle,1979-01-01,Diploid Love,Alternative Rock,2014-04-25,No
Broken Back,1990-08,"Dear Misfortune, Mother Of Joy",Electropop,2015-03-23,No
DM & Jemini,1977-07-29,Broken Bells,Indie Rock,2010-03-05,Yes
Danger Mouse,1977-07-29,Broken Bells,Indie Rock,2010-03-05,Yes
DM & Jemini,1977-07-29,After The Disco,Indie Rock,2014-01-30,Yes
Danger Mouse,1977-07-29,After The Disco,Indie Rock,2014-01-30,Yes
Brolle Jr,1981-11-10,Rebellious Heart,Pop,2002-09-25,No
Brolle Jr,1981-11-10,Paradise Will Wait,Pop,2004-01-01,No
Brooke Hogan,1988-05-05,Everything To Me,Pop,2004-07-27,No
Brooke Hogan,1988-05-05,Undiscovered,Dance-Pop,2006-10-24,No
Brooke Hogan,1988-05-05,The Redemption,Dance-Pop,2009-07-21,No
Brooke Fraser,1983-12-15,What To Do With Daylight,Pop,2003-01-01,No
Brooke Fraser,1983-12-15,Albertine,Pop,2006-12-04,No
Brooke Fraser,1983-12-15,Flags,Pop,2010-10-11,No
Brooke Valentine,1984-10-05,Chain Letter,R&amp;B,2005-03-15,No
Brooke White,1983-06-02,Songs From The Attic,Pop,2006-11-01,No
Brooke White,1983-06-02,High Hopes & Heartbreak,Folk Rock,2009-07-21,No
Brooke Waggoner,1984,Heal For The Honey,Indie Pop,2008-09-09,No
Matt Goss,1968-09-28,Push,Dance-Pop,1988-01-01,Yes
Craig Logan,1969-04-22,Push,Dance-Pop,1988-01-01,Yes
Luke Goss,1968-09-29,Push,Dance-Pop,1988-01-01,Yes
Matt Goss,1968-09-28,The Time,Dance-Pop,2010-01-01,Yes
Craig Logan,1969-04-22,The Time,Dance-Pop,2010-01-01,Yes
Luke Goss,1968-09-29,The Time,Dance-Pop,2010-01-01,Yes
Matt Goss,1968-09-28,Changing Faces,Dance-Pop,1991-01-01,Yes
Craig Logan,1969-04-22,Changing Faces,Dance-Pop,1991-01-01,Yes
Luke Goss,1968-09-29,Changing Faces,Dance-Pop,1991-01-01,Yes
Brother Ali,1977-07-30,Rites Of Passage,Hip Hop,2000-01-01,No
Brother Ali,1977-07-30,Shadows On The Sun,Hip Hop,2003-05-02,No
Brother Ali,1977-07-30,The Undisputed Truth,Hip Hop,2007-04-10,No
Brother Ali,1977-07-30,The Truth Is Here,Hip Hop,2009-03-10,No
Brother Ali,1977-07-30,Us,Hip Hop,2009-09-21,No
Brother Ali,1977-07-30,Mourning In America And Dreaming In Color,Hip Hop,2012-09-18,No
Brotha Lynch Hung,1969-01-10,24 Deep,Gangsta Rap,1993-01-01,No
Brotha Lynch Hung,1969-01-10,Loaded,West Coast Hip Hop,1997-09-16,No
Brotha Lynch Hung,1969-01-10,Lynch By Inch: Suicide Note,Horrorcore,2001-01-01,No
Brotha Lynch Hung,1969-01-10,Dinner And A Movie,Horrorcore,2010-03-23,No
Brotha Lynch Hung,1969-01-10,Coathanga Strangla,Horrorcore,2011-04-05,No
Brotha Lynch Hung,1969-01-10,Mannibalector,Horrorcore,2013-02-05,No
Ronnie Dunn,1953-06-01,Brand New Man,Country,1991-08-13,Yes
Kix Brooks,1955-05-12,Brand New Man,Country,1991-08-13,Yes
Ronnie Dunn,1953-06-01,Hard Workin' Man,Country,1993-02-23,Yes
Kix Brooks,1955-05-12,Hard Workin' Man,Country,1993-02-23,Yes
Ronnie Dunn,1953-06-01,Waitin' On Sundown,Country,1994-09-27,Yes
Kix Brooks,1955-05-12,Waitin' On Sundown,Country,1994-09-27,Yes
Ronnie Dunn,1953-06-01,Borderline,Country,1996-04-16,Yes
Kix Brooks,1955-05-12,Borderline,Country,1996-04-16,Yes
Ronnie Dunn,1953-06-01,The Greatest Hits Collection,Country,2004-10-19,Yes
Kix Brooks,1955-05-12,The Greatest Hits Collection,Country,2004-10-19,Yes
Ronnie Dunn,1953-06-01,If You See Her,Country,1998-06-02,Yes
Kix Brooks,1955-05-12,If You See Her,Country,1998-06-02,Yes
Ronnie Dunn,1953-06-01,Tight Rope,Country,1999-09-14,Yes
Kix Brooks,1955-05-12,Tight Rope,Country,1999-09-14,Yes
Ronnie Dunn,1953-06-01,Steers & Stripes,Country,2001-04-17,Yes
Kix Brooks,1955-05-12,Steers & Stripes,Country,2001-04-17,Yes
Ronnie Dunn,1953-06-01,Red Dirt Road,Country,2003-07-15,Yes
Kix Brooks,1955-05-12,Red Dirt Road,Country,2003-07-15,Yes
Ronnie Dunn,1953-06-01,The Greatest Hits Collection II,Country,2004-01-01,Yes
Kix Brooks,1955-05-12,The Greatest Hits Collection II,Country,2004-01-01,Yes
Ronnie Dunn,1953-06-01,Hillbilly Deluxe,Country,2005-08-30,Yes
Kix Brooks,1955-05-12,Hillbilly Deluxe,Country,2005-08-30,Yes
Ronnie Dunn,1953-06-01,Cowboy Town,Country,2007-10-02,Yes
Kix Brooks,1955-05-12,Cowboy Town,Country,2007-10-02,Yes
Ronnie Dunn,1953-06-01,Number 1s... And Then Some,Country,2009-09-08,Yes
Kix Brooks,1955-05-12,Number 1s... And Then Some,Country,2009-09-08,Yes
Billy Ray Cyrus,1961-08-25,Brother Clyde,Alternative Rock,2010-08-10,Yes
Samantha Maloney,1975-12-11,Brother Clyde,Alternative Rock,2010-08-10,Yes
Nathan Moore,1965-01-10,Get Even,Electronic,1988-01-01,Yes
Eg White,1966-11-22,Get Even,Electronic,1988-01-01,Yes
Tony Burrows,1942-04-14,United We Stand,Pop,1970-01-01,Yes
Sandra Stevens,1949-11-23,United We Stand,Pop,1970-01-01,Yes
Nicky Stevens,1951-12-03,United We Stand,Pop,1970-01-01,Yes
Lee Sheriden,1949-04-11,United We Stand,Pop,1970-01-01,Yes
Martin Lee,1949-11-26,United We Stand,Pop,1970-01-01,Yes
Tony Burrows,1942-04-14,Love And Kisses From Brotherhood Of Man,Pop,1976-01-01,Yes
Sandra Stevens,1949-11-23,Love And Kisses From Brotherhood Of Man,Pop,1976-01-01,Yes
Nicky Stevens,1951-12-03,Love And Kisses From Brotherhood Of Man,Pop,1976-01-01,Yes
Lee Sheriden,1949-04-11,Love And Kisses From Brotherhood Of Man,Pop,1976-01-01,Yes
Martin Lee,1949-11-26,Love And Kisses From Brotherhood Of Man,Pop,1976-01-01,Yes
Tony Burrows,1942-04-14,B For Brotherhood,Pop,1978-01-01,Yes
Sandra Stevens,1949-11-23,B For Brotherhood,Pop,1978-01-01,Yes
Nicky Stevens,1951-12-03,B For Brotherhood,Pop,1978-01-01,Yes
Lee Sheriden,1949-04-11,B For Brotherhood,Pop,1978-01-01,Yes
Martin Lee,1949-11-26,B For Brotherhood,Pop,1978-01-01,Yes
Tony Burrows,1942-04-14,Higher Than High,Pop,1979-01-01,Yes
Sandra Stevens,1949-11-23,Higher Than High,Pop,1979-01-01,Yes
Nicky Stevens,1951-12-03,Higher Than High,Pop,1979-01-01,Yes
Lee Sheriden,1949-04-11,Higher Than High,Pop,1979-01-01,Yes
Martin Lee,1949-11-26,Higher Than High,Pop,1979-01-01,Yes
Cub Koda,1948-10-01,Yeah!,Rock,2005-04-19,Yes
Bruce Nazarian,1949-01-01,Yeah!,Rock,2005-04-19,Yes
Bruce Channel,1940-11-28,Hey! Baby,Pop,1962-01-01,No
Bruce Cockburn,1945-05-27,Bruce Cockburn,Roots,1970-01-01,No
Bruce Cockburn,1945-05-27,High Winds White Sky,Folk,1991-11-12,No
Bruce Cockburn,1945-05-27,Sunwheel Dance,Roots,1971-01-01,No
Bruce Cockburn,1945-05-27,Night Vision,Folk,1993-02-16,No
Bruce Cockburn,1945-05-27,"Salt, Sun And Time",Folk,1995-04-11,No
Bruce Cockburn,1945-05-27,Joy Will Find A Way,Folk,1975-01-01,No
Bruce Cockburn,1945-05-27,In The Falling Dark,Folk,1993-02-16,No
Bruce Cockburn,1945-05-27,Circles In The Stream,Folk,1977-01-01,No
Bruce Cockburn,1945-05-27,Further Adventures Of,Folk,1996-01-26,No
Bruce Cockburn,1945-05-27,Dancing In The Dragon's Jaws,Folk,1979-01-01,No
Bruce Cockburn,1945-05-27,Humans,Folk,1992-03-10,No
Bruce Cockburn,1945-05-27,Mummy Dust,Folk,1981-01-01,No
Bruce Cockburn,1945-05-27,Inner City Front,Folk,1992-03-10,No
Bruce Cockburn,1945-05-27,The Trouble With Normal,Folk,2002-11-19,No
Bruce Cockburn,1945-05-27,Stealing Fire,Folk,1984-01-01,No
Bruce Cockburn,1945-05-27,World Of Wonders,Folk,1992-03-10,No
Bruce Cockburn,1945-05-27,Big Circumstance,Folk,1988-01-01,No
Bruce Cockburn,1945-05-27,Nothing But A Burning Light,Folk,1991-11-05,No
Bruce Cockburn,1945-05-27,Christmas,Folk,1993-01-01,No
Bruce Cockburn,1945-05-27,Dart To The Heart,Folk,1994-03-01,No
Bruce Cockburn,1945-05-27,The Charity Of Night,Folk,1996-01-01,No
Bruce Cockburn,1945-05-27,You Pay Your Money And You Take Your Chance,Folk,1997-01-01,No
Bruce Cockburn,1945-05-27,"Breakfast In New Orleans, Dinner In Timbuktu",Folk,1999-09-14,No
Bruce Cockburn,1945-05-27,Live On World Cafe,Folk,2002-01-15,No
Bruce Cockburn,1945-05-27,You've Never Seen Everything,Folk,2003-09-29,No
Bruce Cockburn,1945-05-27,Speechless,Folk,2005-09-27,No
Bruce Cockburn,1945-05-27,Life Short Call Now,Folk,2006-07-11,No
Bruce Cockburn,1945-05-27,Slice O' Life,Folk,2009-01-01,No
Bruce Cockburn,1945-05-27,Small Source Of Comfort,Folk Rock,2011-03-08,No
Bruce Hornsby,1954-11-23,Harbor Lights,Rock,1993-04-06,No
Bruce Hornsby,1954-11-23,Hot House,Soft Rock,1995-07-18,No
Bruce Hornsby,1954-11-23,Spirit Trail,Soft Rock,1998-10-13,No
Bruce Hornsby,1954-11-23,Here Come The Noise Makers,Rock,2000-10-24,No
Bruce Hornsby,1954-11-23,Big Swing Face,Rock,2002-06-11,No
Bruce Hornsby,1954-11-23,Greatest Radio Hits,Rock,2004-01-13,No
Bruce Hornsby,1954-11-23,Halcyon Days,Rock,2004-08-10,No
Bruce Hornsby,1954-11-23,Intersections: 1985-2005,Adult Contemporary,2006-07-25,No
Bruce Hornsby,1954-11-23,Levitate,Soft Rock,2009-09-15,No
Bruce Hornsby,1954-11-23,Bride Of The Noisemakers,Rock,2011-05-02,No
Bruce McCulloch,1961-05-12,Shame-Based Man,Comedy,1995-04-11,No
Bruce McCulloch,1961-05-12,Drunk Baby Project,Comedy,2002-10-01,No
Allan Holdsworth,1946-08-06,Feels Good To Me,Jazz Fusion,1978-08-01,Yes
Bill Bruford,1949-05-17,Feels Good To Me,Jazz Fusion,1978-08-01,Yes
Allan Holdsworth,1946-08-06,One Of A Kind,Jazz Fusion,1979-01-01,Yes
Bill Bruford,1949-05-17,One Of A Kind,Jazz Fusion,1979-01-01,Yes
Allan Holdsworth,1946-08-06,Gradually Going Tornado,Jazz Fusion,1980-01-01,Yes
Bill Bruford,1949-05-17,Gradually Going Tornado,Jazz Fusion,1980-01-01,Yes
Bruce Robison,1966-06-11,Eleven Stories,Country,2006-04-04,No
Bruce Springsteen,1949-09-23,"Greetings From Asbury Park, N.J.",Rock,1973-01-05,No
Bruce Springsteen,1949-09-23,"The Wild, The Innocent & The E Street Shuffle",Rock,1973-09-11,No
Bruce Springsteen,1949-09-23,Born To Run,Rock,1975-08-25,No
Bruce Springsteen,1949-09-23,Darkness On The Edge Of Town,Rock,1978-06-02,No
Bruce Springsteen,1949-09-23,The River,Rock,1980-10-10,No
Bruce Springsteen,1949-09-23,Nebraska,Folk Rock,1982-09-20,No
Bruce Springsteen,1949-09-23,Born In The U.S.A.,Rock,1984-06-04,No
Bruce Springsteen,1949-09-23,Live/1975-85,Rock,1986-11-06,No
Bruce Springsteen,1949-09-23,Tunnel Of Love,Rock,1987-09-30,No
Bruce Springsteen,1949-09-23,Human Touch,Rock,1992-03-26,No
Bruce Springsteen,1949-09-23,Lucky Town,Rock,1992-03-26,No
Bruce Springsteen,1949-09-23,In Concert - MTV Plugged,Rock,1993-04-12,No
Bruce Springsteen,1949-09-23,Greatest Hits,Rock,1995-02-24,No
Bruce Springsteen,1949-09-23,The Ghost Of Tom Joad,Folk,1995-11-21,No
Bruce Springsteen,1949-09-23,Tracks,Rock,1998-11-10,No
Bruce Springsteen,1949-09-23,18 Tracks,Rock,1999-04-13,No
Bruce Springsteen,1949-09-23,Live In New York City,Rock,2001-03-27,No
Bruce Springsteen,1949-09-23,The Rising,Rock,2002-07-29,No
Bruce Springsteen,1949-09-23,The Essential Bruce Springsteen,Rock,2003-11-12,No
Bruce Springsteen,1949-09-23,Devils & Dust,Rock,2005-04-25,No
Bruce Springsteen,1949-09-23,Hammersmith Odeon London '75,Rock,2006-02-28,No
Bruce Springsteen,1949-09-23,We Shall Overcome: The Seeger Sessions,Folk,2006-04-24,No
Bruce Springsteen,1949-09-23,Live In Dublin,Folk Rock,2007-06-05,No
Bruce Springsteen,1949-09-23,Magic,Rock,2007-10-01,No
Bruce Springsteen,1949-09-23,Magic Tour Highlights,Rock,2008-07-15,No
Bruce Springsteen,1949-09-23,Working On A Dream,Rock,2009-01-23,No
Bruce Springsteen,1949-09-23,The Promise,Rock,2010-11-12,No
Bruce Springsteen,1949-09-23,Wrecking Ball,Rock,2012-03-02,No
Bruce Springsteen,1949-09-23,High Hopes,Rock,2013-01-01,No
Bruno Mars,1985-10-08,It's Better If You Don't Understand,Pop,2010-05-11,No
Bruno Mars,1985-10-08,Doo-Wops & Hooligans,Pop,2010-10-04,No
Bruno Mars,1985-10-08,Unorthodox Jukebox,Pop,2012-12-07,No
Bruno Pelletier,1962-08-07,Bruno Pelletier,French Pop,1992-01-01,No
Bruno Pelletier,1962-08-07,Défaire L'amour,French Pop,1995-01-01,No
Bruno Pelletier,1962-08-07,Miserere,French Pop,1997-01-01,No
Bruno Pelletier,1962-08-07,D'Autres Rives,French Pop,1999-01-01,No
Bruno Lauzi,1937-08-08,Ti Ruberò,Pop,1965-12-01,No
Bryan Adams,1959-11-05,Bryan Adams,Rock,1987-01-01,No
Bryan Adams,1959-11-05,"You Want It, You Got It",Rock,1987-01-01,No
Bryan Adams,1959-11-05,Cuts Like A Knife,Rock,1983-01-01,No
Bryan Adams,1959-11-05,Reckless,Rock,1984-01-01,No
Bryan Adams,1959-11-05,Into The Fire,Rock,1987-03-31,No
Bryan Adams,1959-11-05,Live! Live! Live!,Rock,1988-01-01,No
Bryan Adams,1959-11-05,Waking Up The Neighbours,Rock,1991-09-24,No
Bryan Adams,1959-11-05,"So Far, So Good",Rock,1993-07-01,No
Bryan Adams,1959-11-05,18 Til I Die,Rock,1996-06-03,No
Bryan Adams,1959-11-05,MTV Unplugged,Rock,1997-12-08,No
Bryan Adams,1959-11-05,On A Day Like Today,Rock,1998-10-20,No
Bryan Adams,1959-11-05,The Best Of Me,Rock,1999-11-15,No
Bryan Adams,1959-11-05,Room Service,Rock,2004-10-21,No
Bryan Adams,1959-11-05,11,Rock,2008-03-14,No
Bryan Ferry,1945-09-26,These Foolish Things,Pop,1973-01-01,No
Bryan Ferry,1945-09-26,"Another Time, Another Place",Pop,1974-01-01,No
Bryan Ferry,1945-09-26,In Your Mind,Pop,1977-01-01,No
Bryan Ferry,1945-09-26,Boys And Girls,Pop,1985-01-01,No
Bryan Ferry,1945-09-26,Bête Noire,Pop,1987-01-01,No
Bryan Ferry,1945-09-26,The Ultimate Collection,Pop Rock,1988-01-01,No
Bryan Ferry,1945-09-26,Taxi,Pop,1993-01-01,No
Bryan Ferry,1945-09-26,Girl Of My Best Friend,Pop,1993-10-13,No
Bryan Ferry,1945-09-26,Mamouna,Pop,1994-01-01,No
Bryan Ferry,1945-09-26,As Time Goes By,Pop,1999-10-08,No
Bryan Ferry,1945-09-26,Your Painted Smile,Pop,1994-01-01,No
Bryan Ferry,1945-09-26,Slave To Love: The Best Of The Ballads,Pop,2000-07-10,No
Bryan Ferry,1945-09-26,Frantic,Pop,2002-04-29,No
Bryan Ferry,1945-09-26,Dylanesque,Pop,2007-03-05,No
Bryan Ferry,1945-09-26,Avonmore,Pop,2014-11-17,No
Bryan Duncan,1953-03-16,Mercy,Contemporary Christian,1992-01-01,No
Bryan Duncan,1953-03-16,Slow Revival,Contemporary Christian,1994-01-01,No
Bryan Duncan,1953-03-16,Love Takes Time,Contemporary Christian,1999-01-01,No
Bryan Duncan,1953-03-16,Joyride,Contemporary Christian,2000-01-01,No
Bryan White,1974-02-17,Bryan White,Country,1994-10-11,No
Bryan White,1974-02-17,Between Now And Forever,Country,1996-03-26,No
Bryan White,1974-02-17,The Right Place,Country,1997-09-23,No
Bryan White,1974-02-17,How Lucky I Am,Country,1999-08-24,No
Bryan White,1974-02-17,Dreaming Of Christmas,Country,1999-10-26,No
Bryan White,1974-02-17,Greatest Hits,Country,2000-10-31,No
Brädi,1979-04-09,Repullinen Hiittiä,Hip Hop,2010-05-12,No
Brädi,1979-04-09,Näis Kengis,Hip Hop,2012-12-07,No
Brädi,1979-04-09,III,Hip Hop,2014-05-16,No
BT,1971-10-04,Ima,Trance,1995-10-09,No
BT,1971-10-04,ESCM,Trance,1997-01-01,No
BT,1971-10-04,Movement In Still Life,Trance,2000-06-19,No
BT,1971-10-04,Emotional Technology,Trance,2003-01-01,No
BT,1971-10-04,This Binary Universe,Trance,2006-08-29,No
BT,1971-10-04,These Hopeful Machines,Trance,2010-01-31,No
BT,1971-10-04,If the Stars are Eternal So are You and I,Electronica,2012-05-11,No
BT,1971-10-04,Morceau Subrosa,Ambient,2012-06-19,No
BT,1971-10-04,A Song Across Wires,Trance,2013-08-16,No
Bubba Sparxxx,1977-03-06,"Dark Days, Bright Nights",Hip Hop,2000-04-18,No
Bubba Sparxxx,1977-03-06,Deliverance,Hip Hop,2003-09-16,No
Bubba Sparxxx,1977-03-06,The Charm,Hip Hop,2006-04-04,No
Bubba Sparxxx,1977-03-06,Pain Management,Hip Hop,2013-10-15,No
Buck 65,1972-03-04,Vertex,Hip Hop,1997-01-01,No
Buck 65,1972-03-04,Man Overboard,Alternative Hip Hop,2002-10-08,No
Buck 65,1972-03-04,Synesthesia,Alternative Hip Hop,2001-01-01,No
Buck 65,1972-03-04,Square,Hip Hop,2002-01-01,No
Buck 65,1972-03-04,Talkin' Honky Blues,Alternative Hip Hop,2003-09-08,No
Buck 65,1972-03-04,Secret House Against The World,Hip Hop,2005-07-01,No
Josh Todd,1971-04-04,Buckcherry,Hard Rock,1999-04-06,Yes
Kelly LeMieux,1967-04-07,Buckcherry,Hard Rock,1999-04-06,Yes
Josh Todd,1971-04-04,Time Bomb,Hard Rock,2001-01-01,Yes
Kelly LeMieux,1967-04-07,Time Bomb,Hard Rock,2001-01-01,Yes
Josh Todd,1971-04-04,15,Hard Rock,2006-11-29,Yes
Kelly LeMieux,1967-04-07,15,Hard Rock,2006-11-29,Yes
Josh Todd,1971-04-04,Black Butterfly,Hard Rock,2008-09-16,Yes
Kelly LeMieux,1967-04-07,Black Butterfly,Hard Rock,2008-09-16,Yes
Josh Todd,1971-04-04,All Night Long,Hard Rock,2010-08-03,Yes
Kelly LeMieux,1967-04-07,All Night Long,Hard Rock,2010-08-03,Yes
今井寿,1965-10-21,悪の華,Rock,1990-02-01,Yes
櫻井敦司,1966-03-07,悪の華,Rock,1990-02-01,Yes
今井寿,1965-10-21,狂った太陽,Rock,2007-09-05,Yes
櫻井敦司,1966-03-07,狂った太陽,Rock,2007-09-05,Yes
今井寿,1965-10-21,十三階は月光,Gothic Rock,2005-04-06,Yes
櫻井敦司,1966-03-07,十三階は月光,Gothic Rock,2005-04-06,Yes
