Nom de l'artiste,Date d'anniversaire,Titre,Genre,Date de sortie
Graham Coxon,1969-03-12,Live At The Budokan,Britpop,1996-05-22
Damon Albarn,1968-03-23,Live At The Budokan,Britpop,1996-05-22
Dave Rowntree,1964-05-08,Live At The Budokan,Britpop,1996-05-22
Alex James,1968-11-21,Live At The Budokan,Britpop,1996-05-22
Graham Coxon,1969-03-12,Blur,Alternative Rock,1997-01-29
Damon Albarn,1968-03-23,Blur,Alternative Rock,1997-01-29
Dave Rowntree,1964-05-08,Blur,Alternative Rock,1997-01-29
Alex James,1968-11-21,Blur,Alternative Rock,1997-01-29
Graham Coxon,1969-03-12,13,Alternative Rock,1999-03-01
Damon Albarn,1968-03-23,13,Alternative Rock,1999-03-01
Dave Rowntree,1964-05-08,13,Alternative Rock,1999-03-01
Alex James,1968-11-21,13,Alternative Rock,1999-03-01
Graham Coxon,1969-03-12,The Best Of Blur,Alternative Rock,2000-11-21
Damon Albarn,1968-03-23,The Best Of Blur,Alternative Rock,2000-11-21
Dave Rowntree,1964-05-08,The Best Of Blur,Alternative Rock,2000-11-21
Alex James,1968-11-21,The Best Of Blur,Alternative Rock,2000-11-21
Graham Coxon,1969-03-12,Think Tank,Alternative Rock,2003-04-21
Damon Albarn,1968-03-23,Think Tank,Alternative Rock,2003-04-21
Dave Rowntree,1964-05-08,Think Tank,Alternative Rock,2003-04-21
Alex James,1968-11-21,Think Tank,Alternative Rock,2003-04-21
Graham Coxon,1969-03-12,Midlife: A Beginner's Guide To Blur,Alternative Rock,2009-06-15
Damon Albarn,1968-03-23,Midlife: A Beginner's Guide To Blur,Alternative Rock,2009-06-15
Dave Rowntree,1964-05-08,Midlife: A Beginner's Guide To Blur,Alternative Rock,2009-06-15
Alex James,1968-11-21,Midlife: A Beginner's Guide To Blur,Alternative Rock,2009-06-15
Graham Coxon,1969-03-12,The Magic Whip,Alternative Rock,2015-04-24
Damon Albarn,1968-03-23,The Magic Whip,Alternative Rock,2015-04-24
Dave Rowntree,1964-05-08,The Magic Whip,Alternative Rock,2015-04-24
Alex James,1968-11-21,The Magic Whip,Alternative Rock,2015-04-24
Bunny Wailer,1947-04-10,Natty Dread,Reggae,1974-10-25
Peter Tosh,1944-10-19,Natty Dread,Reggae,1974-10-25
Aston “Family Man” Barrett,1946-11-22,Natty Dread,Reggae,1974-10-25
Bob Marley,1945-02-06,Natty Dread,Reggae,1974-10-25
Carlton “Carly” Barrett,1950-12-17,Natty Dread,Reggae,1974-10-25
Junior Marvin,1949-01-01,Natty Dread,Reggae,1974-10-25
Bunny Wailer,1947-04-10,Rastaman Vibration,Reggae,1976-04-30
Peter Tosh,1944-10-19,Rastaman Vibration,Reggae,1976-04-30
Aston “Family Man” Barrett,1946-11-22,Rastaman Vibration,Reggae,1976-04-30
Bob Marley,1945-02-06,Rastaman Vibration,Reggae,1976-04-30
Carlton “Carly” Barrett,1950-12-17,Rastaman Vibration,Reggae,1976-04-30
Junior Marvin,1949-01-01,Rastaman Vibration,Reggae,1976-04-30
Bunny Wailer,1947-04-10,Exodus,Reggae,1977-06-03
Peter Tosh,1944-10-19,Exodus,Reggae,1977-06-03
Aston “Family Man” Barrett,1946-11-22,Exodus,Reggae,1977-06-03
Bob Marley,1945-02-06,Exodus,Reggae,1977-06-03
Carlton “Carly” Barrett,1950-12-17,Exodus,Reggae,1977-06-03
Junior Marvin,1949-01-01,Exodus,Reggae,1977-06-03
Bunny Wailer,1947-04-10,Kaya,Reggae,1978-03-23
Peter Tosh,1944-10-19,Kaya,Reggae,1978-03-23
Aston “Family Man” Barrett,1946-11-22,Kaya,Reggae,1978-03-23
Bob Marley,1945-02-06,Kaya,Reggae,1978-03-23
Carlton “Carly” Barrett,1950-12-17,Kaya,Reggae,1978-03-23
Junior Marvin,1949-01-01,Kaya,Reggae,1978-03-23
Bunny Wailer,1947-04-10,Survival,Reggae,1979-10-02
Peter Tosh,1944-10-19,Survival,Reggae,1979-10-02
Aston “Family Man” Barrett,1946-11-22,Survival,Reggae,1979-10-02
Bob Marley,1945-02-06,Survival,Reggae,1979-10-02
Carlton “Carly” Barrett,1950-12-17,Survival,Reggae,1979-10-02
Junior Marvin,1949-01-01,Survival,Reggae,1979-10-02
Bunny Wailer,1947-04-10,Uprising,Reggae,1980-06-10
Peter Tosh,1944-10-19,Uprising,Reggae,1980-06-10
Aston “Family Man” Barrett,1946-11-22,Uprising,Reggae,1980-06-10
Bob Marley,1945-02-06,Uprising,Reggae,1980-06-10
Carlton “Carly” Barrett,1950-12-17,Uprising,Reggae,1980-06-10
Junior Marvin,1949-01-01,Uprising,Reggae,1980-06-10
Bunny Wailer,1947-04-10,Confrontation,Reggae,1983-03-23
Peter Tosh,1944-10-19,Confrontation,Reggae,1983-03-23
Aston “Family Man” Barrett,1946-11-22,Confrontation,Reggae,1983-03-23
Bob Marley,1945-02-06,Confrontation,Reggae,1983-03-23
Carlton “Carly” Barrett,1950-12-17,Confrontation,Reggae,1983-03-23
Junior Marvin,1949-01-01,Confrontation,Reggae,1983-03-23
Bunny Wailer,1947-04-10,Legend: The Best Of Bob Marley And The Wailers,Reggae,1984-05-08
Peter Tosh,1944-10-19,Legend: The Best Of Bob Marley And The Wailers,Reggae,1984-05-08
Aston “Family Man” Barrett,1946-11-22,Legend: The Best Of Bob Marley And The Wailers,Reggae,1984-05-08
Bob Marley,1945-02-06,Legend: The Best Of Bob Marley And The Wailers,Reggae,1984-05-08
Carlton “Carly” Barrett,1950-12-17,Legend: The Best Of Bob Marley And The Wailers,Reggae,1984-05-08
Junior Marvin,1949-01-01,Legend: The Best Of Bob Marley And The Wailers,Reggae,1984-05-08
Bunny Wailer,1947-04-10,Talkin' Blues,Reggae,1991-02-04
Peter Tosh,1944-10-19,Talkin' Blues,Reggae,1991-02-04
Aston “Family Man” Barrett,1946-11-22,Talkin' Blues,Reggae,1991-02-04
Bob Marley,1945-02-06,Talkin' Blues,Reggae,1991-02-04
Carlton “Carly” Barrett,1950-12-17,Talkin' Blues,Reggae,1991-02-04
Junior Marvin,1949-01-01,Talkin' Blues,Reggae,1991-02-04
Bunny Wailer,1947-04-10,Songs Of Freedom,Reggae,1992-10-06
Peter Tosh,1944-10-19,Songs Of Freedom,Reggae,1992-10-06
Aston “Family Man” Barrett,1946-11-22,Songs Of Freedom,Reggae,1992-10-06
Bob Marley,1945-02-06,Songs Of Freedom,Reggae,1992-10-06
Carlton “Carly” Barrett,1950-12-17,Songs Of Freedom,Reggae,1992-10-06
Junior Marvin,1949-01-01,Songs Of Freedom,Reggae,1992-10-06
Bunny Wailer,1947-04-10,Trenchtown Rock: The Anthology 1969-1978,Reggae,2002-01-28
Peter Tosh,1944-10-19,Trenchtown Rock: The Anthology 1969-1978,Reggae,2002-01-28
Aston “Family Man” Barrett,1946-11-22,Trenchtown Rock: The Anthology 1969-1978,Reggae,2002-01-28
Bob Marley,1945-02-06,Trenchtown Rock: The Anthology 1969-1978,Reggae,2002-01-28
Carlton “Carly” Barrett,1950-12-17,Trenchtown Rock: The Anthology 1969-1978,Reggae,2002-01-28
Junior Marvin,1949-01-01,Trenchtown Rock: The Anthology 1969-1978,Reggae,2002-01-28
Jeff Rosenstock,1982-09-07,Album Minus Band,Punk Rock,2005-02-01
Laura Stevenson,1984-04-25,Album Minus Band,Punk Rock,2005-02-01
Jeff Rosenstock,1982-09-07,To Leave Or Die In Long Island,Punk Rock,2005-10-01
Laura Stevenson,1984-04-25,To Leave Or Die In Long Island,Punk Rock,2005-10-01
Jon Bon Jovi,1962-03-02,Bon Jovi,Hard Rock,1984-01-01
Richie Sambora,1959-07-11,Bon Jovi,Hard Rock,1984-01-01
Dave “The Snake” Sabo,1964-09-16,Bon Jovi,Hard Rock,1984-01-01
Alec John Such,1951-11-14,Bon Jovi,Hard Rock,1984-01-01
Tico Torres,1953-10-07,Bon Jovi,Hard Rock,1984-01-01
David Bryan,1962-02-07,Bon Jovi,Hard Rock,1984-01-01
Jon Bon Jovi,1962-03-02,7800 Degrees Fahrenheit,Hard Rock,1985-01-01
Richie Sambora,1959-07-11,7800 Degrees Fahrenheit,Hard Rock,1985-01-01
Dave “The Snake” Sabo,1964-09-16,7800 Degrees Fahrenheit,Hard Rock,1985-01-01
Alec John Such,1951-11-14,7800 Degrees Fahrenheit,Hard Rock,1985-01-01
Tico Torres,1953-10-07,7800 Degrees Fahrenheit,Hard Rock,1985-01-01
David Bryan,1962-02-07,7800 Degrees Fahrenheit,Hard Rock,1985-01-01
Jon Bon Jovi,1962-03-02,Slippery When Wet,Hard Rock,1986-08-25
Richie Sambora,1959-07-11,Slippery When Wet,Hard Rock,1986-08-25
Dave “The Snake” Sabo,1964-09-16,Slippery When Wet,Hard Rock,1986-08-25
Alec John Such,1951-11-14,Slippery When Wet,Hard Rock,1986-08-25
Tico Torres,1953-10-07,Slippery When Wet,Hard Rock,1986-08-25
David Bryan,1962-02-07,Slippery When Wet,Hard Rock,1986-08-25
Jon Bon Jovi,1962-03-02,New Jersey,Hard Rock,1988-09-19
Richie Sambora,1959-07-11,New Jersey,Hard Rock,1988-09-19
Dave “The Snake” Sabo,1964-09-16,New Jersey,Hard Rock,1988-09-19
Alec John Such,1951-11-14,New Jersey,Hard Rock,1988-09-19
Tico Torres,1953-10-07,New Jersey,Hard Rock,1988-09-19
David Bryan,1962-02-07,New Jersey,Hard Rock,1988-09-19
Jon Bon Jovi,1962-03-02,Keep The Faith,Hard Rock,1992-11-03
Richie Sambora,1959-07-11,Keep The Faith,Hard Rock,1992-11-03
Dave “The Snake” Sabo,1964-09-16,Keep The Faith,Hard Rock,1992-11-03
Alec John Such,1951-11-14,Keep The Faith,Hard Rock,1992-11-03
Tico Torres,1953-10-07,Keep The Faith,Hard Rock,1992-11-03
David Bryan,1962-02-07,Keep The Faith,Hard Rock,1992-11-03
Jon Bon Jovi,1962-03-02,Cross Road,Hard Rock,1994-10-04
Richie Sambora,1959-07-11,Cross Road,Hard Rock,1994-10-04
Dave “The Snake” Sabo,1964-09-16,Cross Road,Hard Rock,1994-10-04
Alec John Such,1951-11-14,Cross Road,Hard Rock,1994-10-04
Tico Torres,1953-10-07,Cross Road,Hard Rock,1994-10-04
David Bryan,1962-02-07,Cross Road,Hard Rock,1994-10-04
Jon Bon Jovi,1962-03-02,These Days,Hard Rock,1995-06-02
Richie Sambora,1959-07-11,These Days,Hard Rock,1995-06-02
Dave “The Snake” Sabo,1964-09-16,These Days,Hard Rock,1995-06-02
Alec John Such,1951-11-14,These Days,Hard Rock,1995-06-02
Tico Torres,1953-10-07,These Days,Hard Rock,1995-06-02
David Bryan,1962-02-07,These Days,Hard Rock,1995-06-02
Jon Bon Jovi,1962-03-02,Crush,Hard Rock,2000-06-12
Richie Sambora,1959-07-11,Crush,Hard Rock,2000-06-12
Dave “The Snake” Sabo,1964-09-16,Crush,Hard Rock,2000-06-12
Alec John Such,1951-11-14,Crush,Hard Rock,2000-06-12
Tico Torres,1953-10-07,Crush,Hard Rock,2000-06-12
David Bryan,1962-02-07,Crush,Hard Rock,2000-06-12
Jon Bon Jovi,1962-03-02,Bounce,Hard Rock,2002-10-08
Richie Sambora,1959-07-11,Bounce,Hard Rock,2002-10-08
Dave “The Snake” Sabo,1964-09-16,Bounce,Hard Rock,2002-10-08
Alec John Such,1951-11-14,Bounce,Hard Rock,2002-10-08
Tico Torres,1953-10-07,Bounce,Hard Rock,2002-10-08
David Bryan,1962-02-07,Bounce,Hard Rock,2002-10-08
Jon Bon Jovi,1962-03-02,This Left Feels Right: Greatest Hits With A Twist,Rock,2003-11-03
Richie Sambora,1959-07-11,This Left Feels Right: Greatest Hits With A Twist,Rock,2003-11-03
Dave “The Snake” Sabo,1964-09-16,This Left Feels Right: Greatest Hits With A Twist,Rock,2003-11-03
Alec John Such,1951-11-14,This Left Feels Right: Greatest Hits With A Twist,Rock,2003-11-03
Tico Torres,1953-10-07,This Left Feels Right: Greatest Hits With A Twist,Rock,2003-11-03
David Bryan,1962-02-07,This Left Feels Right: Greatest Hits With A Twist,Rock,2003-11-03
Jon Bon Jovi,1962-03-02,"100,000 Bon Jovi Fans Can't Be Wrong...",Hard Rock,2004-11-16
Richie Sambora,1959-07-11,"100,000 Bon Jovi Fans Can't Be Wrong...",Hard Rock,2004-11-16
Dave “The Snake” Sabo,1964-09-16,"100,000 Bon Jovi Fans Can't Be Wrong...",Hard Rock,2004-11-16
Alec John Such,1951-11-14,"100,000 Bon Jovi Fans Can't Be Wrong...",Hard Rock,2004-11-16
Tico Torres,1953-10-07,"100,000 Bon Jovi Fans Can't Be Wrong...",Hard Rock,2004-11-16
David Bryan,1962-02-07,"100,000 Bon Jovi Fans Can't Be Wrong...",Hard Rock,2004-11-16
Jon Bon Jovi,1962-03-02,Have A Nice Day,Rock,2005-09-01
Richie Sambora,1959-07-11,Have A Nice Day,Rock,2005-09-01
Dave “The Snake” Sabo,1964-09-16,Have A Nice Day,Rock,2005-09-01
Alec John Such,1951-11-14,Have A Nice Day,Rock,2005-09-01
Tico Torres,1953-10-07,Have A Nice Day,Rock,2005-09-01
David Bryan,1962-02-07,Have A Nice Day,Rock,2005-09-01
Jon Bon Jovi,1962-03-02,Lost Highway,Country,2007-01-01
Richie Sambora,1959-07-11,Lost Highway,Country,2007-01-01
Dave “The Snake” Sabo,1964-09-16,Lost Highway,Country,2007-01-01
Alec John Such,1951-11-14,Lost Highway,Country,2007-01-01
Tico Torres,1953-10-07,Lost Highway,Country,2007-01-01
David Bryan,1962-02-07,Lost Highway,Country,2007-01-01
Jon Bon Jovi,1962-03-02,The Circle,Hard Rock,2009-11-02
Richie Sambora,1959-07-11,The Circle,Hard Rock,2009-11-02
Dave “The Snake” Sabo,1964-09-16,The Circle,Hard Rock,2009-11-02
Alec John Such,1951-11-14,The Circle,Hard Rock,2009-11-02
Tico Torres,1953-10-07,The Circle,Hard Rock,2009-11-02
David Bryan,1962-02-07,The Circle,Hard Rock,2009-11-02
Jon Bon Jovi,1962-03-02,Greatest Hits,Rock,2008-01-01
Richie Sambora,1959-07-11,Greatest Hits,Rock,2008-01-01
Dave “The Snake” Sabo,1964-09-16,Greatest Hits,Rock,2008-01-01
Alec John Such,1951-11-14,Greatest Hits,Rock,2008-01-01
Tico Torres,1953-10-07,Greatest Hits,Rock,2008-01-01
David Bryan,1962-02-07,Greatest Hits,Rock,2008-01-01
Jon Bon Jovi,1962-03-02,What About Now,Hard Rock,2013-03-11
Richie Sambora,1959-07-11,What About Now,Hard Rock,2013-03-11
Dave “The Snake” Sabo,1964-09-16,What About Now,Hard Rock,2013-03-11
Alec John Such,1951-11-14,What About Now,Hard Rock,2013-03-11
Tico Torres,1953-10-07,What About Now,Hard Rock,2013-03-11
David Bryan,1962-02-07,What About Now,Hard Rock,2013-03-11
Flesh-N-Bone,1973-06-10,E. 1999 Eternal,Hip Hop,1998-11-24
Layzie Bone,1977-09-23,E. 1999 Eternal,Hip Hop,1998-11-24
Krayzie Bone,1973-06-17,E. 1999 Eternal,Hip Hop,1998-11-24
Bizzy Bone,1976-09-12,E. 1999 Eternal,Hip Hop,1998-11-24
Flesh-N-Bone,1973-06-10,The Art Of War,Hip Hop,1997-08-05
Layzie Bone,1977-09-23,The Art Of War,Hip Hop,1997-08-05
Krayzie Bone,1973-06-17,The Art Of War,Hip Hop,1997-08-05
Bizzy Bone,1976-09-12,The Art Of War,Hip Hop,1997-08-05
Flesh-N-Bone,1973-06-10,"The Collection, Vol. 1",Hip Hop,1998-11-24
Layzie Bone,1977-09-23,"The Collection, Vol. 1",Hip Hop,1998-11-24
Krayzie Bone,1973-06-17,"The Collection, Vol. 1",Hip Hop,1998-11-24
Bizzy Bone,1976-09-12,"The Collection, Vol. 1",Hip Hop,1998-11-24
Flesh-N-Bone,1973-06-10,BTNHResurrection,Hip Hop,2000-02-29
Layzie Bone,1977-09-23,BTNHResurrection,Hip Hop,2000-02-29
Krayzie Bone,1973-06-17,BTNHResurrection,Hip Hop,2000-02-29
Bizzy Bone,1976-09-12,BTNHResurrection,Hip Hop,2000-02-29
Flesh-N-Bone,1973-06-10,Thug World Order,Hip Hop,2002-10-29
Layzie Bone,1977-09-23,Thug World Order,Hip Hop,2002-10-29
Krayzie Bone,1973-06-17,Thug World Order,Hip Hop,2002-10-29
Bizzy Bone,1976-09-12,Thug World Order,Hip Hop,2002-10-29
Flesh-N-Bone,1973-06-10,Thug Stories,Hip Hop,2006-09-19
Layzie Bone,1977-09-23,Thug Stories,Hip Hop,2006-09-19
Krayzie Bone,1973-06-17,Thug Stories,Hip Hop,2006-09-19
Bizzy Bone,1976-09-12,Thug Stories,Hip Hop,2006-09-19
Flesh-N-Bone,1973-06-10,Strength & Loyalty,Hip Hop,2007-05-08
Layzie Bone,1977-09-23,Strength & Loyalty,Hip Hop,2007-05-08
Krayzie Bone,1973-06-17,Strength & Loyalty,Hip Hop,2007-05-08
Bizzy Bone,1976-09-12,Strength & Loyalty,Hip Hop,2007-05-08
Flesh-N-Bone,1973-06-10,T.H.U.G.S.,Hip Hop,2007-11-13
Layzie Bone,1977-09-23,T.H.U.G.S.,Hip Hop,2007-11-13
Krayzie Bone,1973-06-17,T.H.U.G.S.,Hip Hop,2007-11-13
Bizzy Bone,1976-09-12,T.H.U.G.S.,Hip Hop,2007-11-13
Flesh-N-Bone,1973-06-10,Uni5,Hip Hop,2010-05-04
Layzie Bone,1977-09-23,Uni5,Hip Hop,2010-05-04
Krayzie Bone,1973-06-17,Uni5,Hip Hop,2010-05-04
Bizzy Bone,1976-09-12,Uni5,Hip Hop,2010-05-04
Claudja Barry,1952,Take The Heat Off Me,Disco,1976-06-28
Frank Farian,1941-07-18,Take The Heat Off Me,Disco,1976-06-28
Claudja Barry,1952,Love For Sale,Disco,1994-01-01
Frank Farian,1941-07-18,Love For Sale,Disco,1994-01-01
Claudja Barry,1952,Nightflight To Venus,Disco,1978-06-26
Frank Farian,1941-07-18,Nightflight To Venus,Disco,1978-06-26
Claudja Barry,1952,Oceans Of Fantasy,Disco,1979-01-01
Frank Farian,1941-07-18,Oceans Of Fantasy,Disco,1979-01-01
Claudja Barry,1952,Christmas Album,Christmas,1981-01-01
Frank Farian,1941-07-18,Christmas Album,Christmas,1981-01-01
Claudja Barry,1952,Ten Thousand Lightyears,Pop,1984-01-01
Frank Farian,1941-07-18,Ten Thousand Lightyears,Pop,1984-01-01
Claudja Barry,1952,Kalimba De Luna - 16 Happy Songs,Pop,1984-01-01
Frank Farian,1941-07-18,Kalimba De Luna - 16 Happy Songs,Pop,1984-01-01
Claudja Barry,1952,Eye Dance,Pop,1994-01-01
Frank Farian,1941-07-18,Eye Dance,Pop,1994-01-01
Claudja Barry,1952,More Gold: 20 Super Hits Vol. II,Disco,1993-01-01
Frank Farian,1941-07-18,More Gold: 20 Super Hits Vol. II,Disco,1993-01-01
D-Nice,1970-06-19,Criminal Minded,East Coast Hip Hop,1987-01-01
KRS-One,1965-08-20,Criminal Minded,East Coast Hip Hop,1987-01-01
DJ Scott La Rock,1962-03-02,Criminal Minded,East Coast Hip Hop,1987-01-01
D-Nice,1970-06-19,By All Means Necessary,East Coast Hip Hop,1988-05-31
KRS-One,1965-08-20,By All Means Necessary,East Coast Hip Hop,1988-05-31
DJ Scott La Rock,1962-03-02,By All Means Necessary,East Coast Hip Hop,1988-05-31
D-Nice,1970-06-19,Ghetto Music: The Blueprint Of Hip Hop,East Coast Hip Hop,1989-01-01
KRS-One,1965-08-20,Ghetto Music: The Blueprint Of Hip Hop,East Coast Hip Hop,1989-01-01
DJ Scott La Rock,1962-03-02,Ghetto Music: The Blueprint Of Hip Hop,East Coast Hip Hop,1989-01-01
D-Nice,1970-06-19,Edutainment,East Coast Hip Hop,1990-07-17
KRS-One,1965-08-20,Edutainment,East Coast Hip Hop,1990-07-17
DJ Scott La Rock,1962-03-02,Edutainment,East Coast Hip Hop,1990-07-17
D-Nice,1970-06-19,Live Hardcore Worldwide,East Coast Hip Hop,1991-03-12
KRS-One,1965-08-20,Live Hardcore Worldwide,East Coast Hip Hop,1991-03-12
DJ Scott La Rock,1962-03-02,Live Hardcore Worldwide,East Coast Hip Hop,1991-03-12
D-Nice,1970-06-19,Sex & Violence,East Coast Hip Hop,1992-01-01
KRS-One,1965-08-20,Sex & Violence,East Coast Hip Hop,1992-01-01
DJ Scott La Rock,1962-03-02,Sex & Violence,East Coast Hip Hop,1992-01-01
D-Nice,1970-06-19,Man & His Music,East Coast Hip Hop,1997-01-01
KRS-One,1965-08-20,Man & His Music,East Coast Hip Hop,1997-01-01
DJ Scott La Rock,1962-03-02,Man & His Music,East Coast Hip Hop,1997-01-01
Andreas Hedlund,1973-11-17,The Olden Domain,Black Metal,1997-08-18
Lazare,1976-05-13,The Olden Domain,Black Metal,1997-08-18
Ivar Bjørnson,1977-01-01,The Olden Domain,Black Metal,1997-08-18
Ivar Bjørnson,1977-11-27,The Olden Domain,Black Metal,1997-08-18
Asgeir Mickelson,1969-09-30,The Olden Domain,Black Metal,1997-08-18
ICS Vortex,1974-03-04,The Olden Domain,Black Metal,1997-08-18
Tyr,1972-06-22,The Olden Domain,Black Metal,1997-08-18
Tyr,1972-06-22,The Olden Domain,Black Metal,1997-08-18
ICS Vortex,1974-03-04,The Olden Domain,Black Metal,1997-08-18
Andreas Hedlund,1973-11-17,Universal,Progressive Metal,2010-02-22
Lazare,1976-05-13,Universal,Progressive Metal,2010-02-22
Ivar Bjørnson,1977-01-01,Universal,Progressive Metal,2010-02-22
Ivar Bjørnson,1977-11-27,Universal,Progressive Metal,2010-02-22
Asgeir Mickelson,1969-09-30,Universal,Progressive Metal,2010-02-22
ICS Vortex,1974-03-04,Universal,Progressive Metal,2010-02-22
Tyr,1972-06-22,Universal,Progressive Metal,2010-02-22
Tyr,1972-06-22,Universal,Progressive Metal,2010-02-22
ICS Vortex,1974-03-04,Universal,Progressive Metal,2010-02-22
Andreas Hedlund,1973-11-17,Urd,Progressive Metal,2012-03-26
Lazare,1976-05-13,Urd,Progressive Metal,2012-03-26
Ivar Bjørnson,1977-01-01,Urd,Progressive Metal,2012-03-26
Ivar Bjørnson,1977-11-27,Urd,Progressive Metal,2012-03-26
Asgeir Mickelson,1969-09-30,Urd,Progressive Metal,2012-03-26
ICS Vortex,1974-03-04,Urd,Progressive Metal,2012-03-26
Tyr,1972-06-22,Urd,Progressive Metal,2012-03-26
Tyr,1972-06-22,Urd,Progressive Metal,2012-03-26
ICS Vortex,1974-03-04,Urd,Progressive Metal,2012-03-26
Barry Goudreau,1951-11-29,Boston,Rock,1976-09-01
Michael Sweet,1963-07-04,Boston,Rock,1976-09-01
Fran Cosmo,1956-10-17,Boston,Rock,1976-09-01
Sib Hashian,1949-08-17,Boston,Rock,1976-09-01
Tommy DeCarlo,1965-04-23,Boston,Rock,1976-09-01
Jeff Neal,1969-06-15,Boston,Rock,1976-09-01
Gary Pihl,1950-11-21,Boston,Rock,1976-09-01
Brad Delp,1951-06-12,Boston,Rock,1976-09-01
Brad Delp,1951-06-12,Boston,Rock,1976-09-01
Fran Sheehan,1949-03-26,Boston,Rock,1976-09-01
Tom Scholz,1947-01-01,Boston,Rock,1976-09-01
Barry Goudreau,1951-11-29,Don't Look Back,Rock,1978-01-01
Michael Sweet,1963-07-04,Don't Look Back,Rock,1978-01-01
Fran Cosmo,1956-10-17,Don't Look Back,Rock,1978-01-01
Sib Hashian,1949-08-17,Don't Look Back,Rock,1978-01-01
Tommy DeCarlo,1965-04-23,Don't Look Back,Rock,1978-01-01
Jeff Neal,1969-06-15,Don't Look Back,Rock,1978-01-01
Gary Pihl,1950-11-21,Don't Look Back,Rock,1978-01-01
Brad Delp,1951-06-12,Don't Look Back,Rock,1978-01-01
Brad Delp,1951-06-12,Don't Look Back,Rock,1978-01-01
Fran Sheehan,1949-03-26,Don't Look Back,Rock,1978-01-01
Tom Scholz,1947-01-01,Don't Look Back,Rock,1978-01-01
Barry Goudreau,1951-11-29,Third Stage,Rock,1986-10-01
Michael Sweet,1963-07-04,Third Stage,Rock,1986-10-01
Fran Cosmo,1956-10-17,Third Stage,Rock,1986-10-01
Sib Hashian,1949-08-17,Third Stage,Rock,1986-10-01
Tommy DeCarlo,1965-04-23,Third Stage,Rock,1986-10-01
Jeff Neal,1969-06-15,Third Stage,Rock,1986-10-01
Gary Pihl,1950-11-21,Third Stage,Rock,1986-10-01
Brad Delp,1951-06-12,Third Stage,Rock,1986-10-01
Brad Delp,1951-06-12,Third Stage,Rock,1986-10-01
Fran Sheehan,1949-03-26,Third Stage,Rock,1986-10-01
Tom Scholz,1947-01-01,Third Stage,Rock,1986-10-01
Barry Goudreau,1951-11-29,Walk On,Rock,1994-06-07
Michael Sweet,1963-07-04,Walk On,Rock,1994-06-07
Fran Cosmo,1956-10-17,Walk On,Rock,1994-06-07
Sib Hashian,1949-08-17,Walk On,Rock,1994-06-07
Tommy DeCarlo,1965-04-23,Walk On,Rock,1994-06-07
Jeff Neal,1969-06-15,Walk On,Rock,1994-06-07
Gary Pihl,1950-11-21,Walk On,Rock,1994-06-07
Brad Delp,1951-06-12,Walk On,Rock,1994-06-07
Brad Delp,1951-06-12,Walk On,Rock,1994-06-07
Fran Sheehan,1949-03-26,Walk On,Rock,1994-06-07
Tom Scholz,1947-01-01,Walk On,Rock,1994-06-07
Barry Goudreau,1951-11-29,Greatest Hits,Rock,1997-01-01
Michael Sweet,1963-07-04,Greatest Hits,Rock,1997-01-01
Fran Cosmo,1956-10-17,Greatest Hits,Rock,1997-01-01
Sib Hashian,1949-08-17,Greatest Hits,Rock,1997-01-01
Tommy DeCarlo,1965-04-23,Greatest Hits,Rock,1997-01-01
Jeff Neal,1969-06-15,Greatest Hits,Rock,1997-01-01
Gary Pihl,1950-11-21,Greatest Hits,Rock,1997-01-01
Brad Delp,1951-06-12,Greatest Hits,Rock,1997-01-01
Brad Delp,1951-06-12,Greatest Hits,Rock,1997-01-01
Fran Sheehan,1949-03-26,Greatest Hits,Rock,1997-01-01
Tom Scholz,1947-01-01,Greatest Hits,Rock,1997-01-01
Barry Goudreau,1951-11-29,Corporate America,Rock,2002-01-01
Michael Sweet,1963-07-04,Corporate America,Rock,2002-01-01
Fran Cosmo,1956-10-17,Corporate America,Rock,2002-01-01
Sib Hashian,1949-08-17,Corporate America,Rock,2002-01-01
Tommy DeCarlo,1965-04-23,Corporate America,Rock,2002-01-01
Jeff Neal,1969-06-15,Corporate America,Rock,2002-01-01
Gary Pihl,1950-11-21,Corporate America,Rock,2002-01-01
Brad Delp,1951-06-12,Corporate America,Rock,2002-01-01
Brad Delp,1951-06-12,Corporate America,Rock,2002-01-01
Fran Sheehan,1949-03-26,Corporate America,Rock,2002-01-01
Tom Scholz,1947-01-01,Corporate America,Rock,2002-01-01
Barry Goudreau,1951-11-29,"Life, Love & Hope",Hard Rock,2013-12-03
Michael Sweet,1963-07-04,"Life, Love & Hope",Hard Rock,2013-12-03
Fran Cosmo,1956-10-17,"Life, Love & Hope",Hard Rock,2013-12-03
Sib Hashian,1949-08-17,"Life, Love & Hope",Hard Rock,2013-12-03
Tommy DeCarlo,1965-04-23,"Life, Love & Hope",Hard Rock,2013-12-03
Jeff Neal,1969-06-15,"Life, Love & Hope",Hard Rock,2013-12-03
Gary Pihl,1950-11-21,"Life, Love & Hope",Hard Rock,2013-12-03
Brad Delp,1951-06-12,"Life, Love & Hope",Hard Rock,2013-12-03
Brad Delp,1951-06-12,"Life, Love & Hope",Hard Rock,2013-12-03
Fran Sheehan,1949-03-26,"Life, Love & Hope",Hard Rock,2013-12-03
Tom Scholz,1947-01-01,"Life, Love & Hope",Hard Rock,2013-12-03
Annabella Lwin,1966-10-31,"See Jungle! See Jungle! Go Join Your Gang, Yeah, City All Over! Go Ape Crazy!",New Wave,1981-01-01
Dave Barbarossa,1961-01-01,"See Jungle! See Jungle! Go Join Your Gang, Yeah, City All Over! Go Ape Crazy!",New Wave,1981-01-01
Leigh Gorman,1961-01-01,"See Jungle! See Jungle! Go Join Your Gang, Yeah, City All Over! Go Ape Crazy!",New Wave,1981-01-01
Matthew Ashman,1960-11-03,"See Jungle! See Jungle! Go Join Your Gang, Yeah, City All Over! Go Ape Crazy!",New Wave,1981-01-01
Annabella Lwin,1966-10-31,The Last Of The Mohicans,Pop Rock,1982-05-01
Dave Barbarossa,1961-01-01,The Last Of The Mohicans,Pop Rock,1982-05-01
Leigh Gorman,1961-01-01,The Last Of The Mohicans,Pop Rock,1982-05-01
Matthew Ashman,1960-11-03,The Last Of The Mohicans,Pop Rock,1982-05-01
Annabella Lwin,1966-10-31,When The Going Gets Tough The Tough Get Going,New Wave,1983-01-01
Dave Barbarossa,1961-01-01,When The Going Gets Tough The Tough Get Going,New Wave,1983-01-01
Leigh Gorman,1961-01-01,When The Going Gets Tough The Tough Get Going,New Wave,1983-01-01
Matthew Ashman,1960-11-03,When The Going Gets Tough The Tough Get Going,New Wave,1983-01-01
Shannon Rubicam,1951-10-11,Boy Meets Girl,Pop,1985-01-01
George Merrill,1957-08-28,Boy Meets Girl,Pop,1985-01-01
Shannon Rubicam,1951-10-11,Reel Life,Pop,1988-01-01
George Merrill,1957-08-28,Reel Life,Pop,1988-01-01
Marc Nelson,1971-01-23,Cooleyhighharmony,R&amp;B,1993-01-01
Shawn Stockman,1972-09-26,Cooleyhighharmony,R&amp;B,1993-01-01
Nathan Morris,1971-06-18,Cooleyhighharmony,R&amp;B,1993-01-01
Wanya Morris,1973-07-29,Cooleyhighharmony,R&amp;B,1993-01-01
Marc Nelson,1971-01-23,Christmas Interpretations,Christmas,1993-10-05
Shawn Stockman,1972-09-26,Christmas Interpretations,Christmas,1993-10-05
Nathan Morris,1971-06-18,Christmas Interpretations,Christmas,1993-10-05
Wanya Morris,1973-07-29,Christmas Interpretations,Christmas,1993-10-05
Marc Nelson,1971-01-23,II,R&amp;B,1994-08-30
Shawn Stockman,1972-09-26,II,R&amp;B,1994-08-30
Nathan Morris,1971-06-18,II,R&amp;B,1994-08-30
Wanya Morris,1973-07-29,II,R&amp;B,1994-08-30
Marc Nelson,1971-01-23,The Remix Collection,R&amp;B,1995-11-07
Shawn Stockman,1972-09-26,The Remix Collection,R&amp;B,1995-11-07
Nathan Morris,1971-06-18,The Remix Collection,R&amp;B,1995-11-07
Wanya Morris,1973-07-29,The Remix Collection,R&amp;B,1995-11-07
Marc Nelson,1971-01-23,Evolution,R&amp;B,1997-09-23
Shawn Stockman,1972-09-26,Evolution,R&amp;B,1997-09-23
Nathan Morris,1971-06-18,Evolution,R&amp;B,1997-09-23
Wanya Morris,1973-07-29,Evolution,R&amp;B,1997-09-23
Marc Nelson,1971-01-23,Nathan Michael Shawn Wanya,R&amp;B,2000-09-12
Shawn Stockman,1972-09-26,Nathan Michael Shawn Wanya,R&amp;B,2000-09-12
Nathan Morris,1971-06-18,Nathan Michael Shawn Wanya,R&amp;B,2000-09-12
Wanya Morris,1973-07-29,Nathan Michael Shawn Wanya,R&amp;B,2000-09-12
Marc Nelson,1971-01-23,The Ballad Collection,R&amp;B,2000-05-17
Shawn Stockman,1972-09-26,The Ballad Collection,R&amp;B,2000-05-17
Nathan Morris,1971-06-18,The Ballad Collection,R&amp;B,2000-05-17
Wanya Morris,1973-07-29,The Ballad Collection,R&amp;B,2000-05-17
Marc Nelson,1971-01-23,Full Circle,R&amp;B,2002-05-29
Shawn Stockman,1972-09-26,Full Circle,R&amp;B,2002-05-29
Nathan Morris,1971-06-18,Full Circle,R&amp;B,2002-05-29
Wanya Morris,1973-07-29,Full Circle,R&amp;B,2002-05-29
Marc Nelson,1971-01-23,Winter/Reflections,Christmas,2005-11-30
Shawn Stockman,1972-09-26,Winter/Reflections,Christmas,2005-11-30
Nathan Morris,1971-06-18,Winter/Reflections,Christmas,2005-11-30
Wanya Morris,1973-07-29,Winter/Reflections,Christmas,2005-11-30
Marc Nelson,1971-01-23,The Remedy,R&amp;B,2007-02-14
Shawn Stockman,1972-09-26,The Remedy,R&amp;B,2007-02-14
Nathan Morris,1971-06-18,The Remedy,R&amp;B,2007-02-14
Wanya Morris,1973-07-29,The Remedy,R&amp;B,2007-02-14
Marc Nelson,1971-01-23,Motown: A Journey Through Hitsville USA,R&amp;B,2007-11-13
Shawn Stockman,1972-09-26,Motown: A Journey Through Hitsville USA,R&amp;B,2007-11-13
Nathan Morris,1971-06-18,Motown: A Journey Through Hitsville USA,R&amp;B,2007-11-13
Wanya Morris,1973-07-29,Motown: A Journey Through Hitsville USA,R&amp;B,2007-11-13
Marc Nelson,1971-01-23,Love,R&amp;B,2009-11-16
Shawn Stockman,1972-09-26,Love,R&amp;B,2009-11-16
Nathan Morris,1971-06-18,Love,R&amp;B,2009-11-16
Wanya Morris,1973-07-29,Love,R&amp;B,2009-11-16
Marc Nelson,1971-01-23,Twenty,R&amp;B,2011-10-12
Shawn Stockman,1972-09-26,Twenty,R&amp;B,2011-10-12
Nathan Morris,1971-06-18,Twenty,R&amp;B,2011-10-12
Wanya Morris,1973-07-29,Twenty,R&amp;B,2011-10-12
Ronan Keating,1977-03-03,Said And Done,Pop,1995-01-01
Stephen Gately,1976-03-17,Said And Done,Pop,1995-01-01
Shane Lynch,1976-07-03,Said And Done,Pop,1995-01-01
Keith Duffy,1974-10-01,Said And Done,Pop,1995-01-01
Ronan Keating,1977-03-03,A Different Beat,Pop,1997-01-01
Stephen Gately,1976-03-17,A Different Beat,Pop,1997-01-01
Shane Lynch,1976-07-03,A Different Beat,Pop,1997-01-01
Keith Duffy,1974-10-01,A Different Beat,Pop,1997-01-01
Ronan Keating,1977-03-03,Where We Belong,Pop,1998-11-16
Stephen Gately,1976-03-17,Where We Belong,Pop,1998-11-16
Shane Lynch,1976-07-03,Where We Belong,Pop,1998-11-16
Keith Duffy,1974-10-01,Where We Belong,Pop,1998-11-16
Ronan Keating,1977-03-03,By Request,Pop,1999-05-31
Stephen Gately,1976-03-17,By Request,Pop,1999-05-31
Shane Lynch,1976-07-03,By Request,Pop,1999-05-31
Keith Duffy,1974-10-01,By Request,Pop,1999-05-31
Ronan Keating,1977-03-03,Ballads - The Love Song Collection,Pop,2003-03-17
Stephen Gately,1976-03-17,Ballads - The Love Song Collection,Pop,2003-03-17
Shane Lynch,1976-07-03,Ballads - The Love Song Collection,Pop,2003-03-17
Keith Duffy,1974-10-01,Ballads - The Love Song Collection,Pop,2003-03-17
Ronan Keating,1977-03-03,Back Again... No Matter What,Pop,2008-10-24
Stephen Gately,1976-03-17,Back Again... No Matter What,Pop,2008-10-24
Shane Lynch,1976-07-03,Back Again... No Matter What,Pop,2008-10-24
Keith Duffy,1974-10-01,Back Again... No Matter What,Pop,2008-10-24
Ronan Keating,1977-03-03,Brother,Pop,2010-03-08
Stephen Gately,1976-03-17,Brother,Pop,2010-03-08
Shane Lynch,1976-07-03,Brother,Pop,2010-03-08
Keith Duffy,1974-10-01,Brother,Pop,2010-03-08
Sadat X,1968-12-29,One For All,Hip Hop,1990-12-04
Grand Puba,1966-03-04,One For All,Hip Hop,1990-12-04
Lord Jamar,1968-09-17,One For All,Hip Hop,1990-12-04
Sadat X,1968-12-29,In God We Trust,Hip Hop,1992-01-01
Grand Puba,1966-03-04,In God We Trust,Hip Hop,1992-01-01
Lord Jamar,1968-09-17,In God We Trust,Hip Hop,1992-01-01
Sadat X,1968-12-29,Everything Is Everything,Hip Hop,1994-11-01
Grand Puba,1966-03-04,Everything Is Everything,Hip Hop,1994-11-01
Lord Jamar,1968-09-17,Everything Is Everything,Hip Hop,1994-11-01
Sadat X,1968-12-29,Foundation,Hip Hop,1998-09-29
Grand Puba,1966-03-04,Foundation,Hip Hop,1998-09-29
Lord Jamar,1968-09-17,Foundation,Hip Hop,1998-09-29
Sadat X,1968-12-29,Fire In The Hole,Hip Hop,2004-08-10
Grand Puba,1966-03-04,Fire In The Hole,Hip Hop,2004-08-10
Lord Jamar,1968-09-17,Fire In The Hole,Hip Hop,2004-08-10
Sadat X,1968-12-29,Time's Runnin' Out,Hip Hop,2007-08-21
Grand Puba,1966-03-04,Time's Runnin' Out,Hip Hop,2007-08-21
Lord Jamar,1968-09-17,Time's Runnin' Out,Hip Hop,2007-08-21
Molly Neuman,1972-06-18,Pottymouth,Riot Grrrl,1993-06-01
Allison Wolfe,1969-11-09,Pottymouth,Riot Grrrl,1993-06-01
Molly Neuman,1972-06-18,The Real Janelle,Riot Grrrl,1994-01-01
Allison Wolfe,1969-11-09,The Real Janelle,Riot Grrrl,1994-01-01
Molly Neuman,1972-06-18,"Ladies, Women And Girls",Riot Grrrl,2000-10-01
Allison Wolfe,1969-11-09,"Ladies, Women And Girls",Riot Grrrl,2000-10-01
Molly Neuman,1972-06-18,Girls Get Busy,Riot Grrrl,2002-01-01
Allison Wolfe,1969-11-09,Girls Get Busy,Riot Grrrl,2002-01-01
Keith Hoerig,1972-08-04,So Far From Home,Rock,2000-06-20
Reese Roper,1973-06-30,So Far From Home,Rock,2000-06-20
Andrew Verdecchio,1974-01-01,So Far From Home,Rock,2000-06-20
Dennis Culp,1970-04-23,So Far From Home,Rock,2000-06-20
Keith Hoerig,1972-08-04,The Light Of Things Hoped For,Rock,2003-03-25
Reese Roper,1973-06-30,The Light Of Things Hoped For,Rock,2003-03-25
Andrew Verdecchio,1974-01-01,The Light Of Things Hoped For,Rock,2003-03-25
Dennis Culp,1970-04-23,The Light Of Things Hoped For,Rock,2003-03-25
Keith Hoerig,1972-08-04,Anti-Meridian,Space Rock,2008-09-16
Reese Roper,1973-06-30,Anti-Meridian,Space Rock,2008-09-16
Andrew Verdecchio,1974-01-01,Anti-Meridian,Space Rock,2008-09-16
Dennis Culp,1970-04-23,Anti-Meridian,Space Rock,2008-09-16
David Gates,1940-12-11,Bread,Soft Rock,1969-01-01
Michael Botts,1944-12-08,Bread,Soft Rock,1969-01-01
Larry Knechtel,1940-08-04,Bread,Soft Rock,1969-01-01
Robb Royer,1942-12-06,Bread,Soft Rock,1969-01-01
David Gates,1940-12-11,On The Waters,Soft Rock,1970-01-01
Michael Botts,1944-12-08,On The Waters,Soft Rock,1970-01-01
Larry Knechtel,1940-08-04,On The Waters,Soft Rock,1970-01-01
Robb Royer,1942-12-06,On The Waters,Soft Rock,1970-01-01
David Gates,1940-12-11,Manna,Soft Rock,1971-01-01
Michael Botts,1944-12-08,Manna,Soft Rock,1971-01-01
Larry Knechtel,1940-08-04,Manna,Soft Rock,1971-01-01
Robb Royer,1942-12-06,Manna,Soft Rock,1971-01-01
David Gates,1940-12-11,Baby I'm-A Want You,Soft Rock,1972-01-01
Michael Botts,1944-12-08,Baby I'm-A Want You,Soft Rock,1972-01-01
Larry Knechtel,1940-08-04,Baby I'm-A Want You,Soft Rock,1972-01-01
Robb Royer,1942-12-06,Baby I'm-A Want You,Soft Rock,1972-01-01
David Gates,1940-12-11,Guitar Man,Soft Rock,1972-10-01
Michael Botts,1944-12-08,Guitar Man,Soft Rock,1972-10-01
Larry Knechtel,1940-08-04,Guitar Man,Soft Rock,1972-10-01
Robb Royer,1942-12-06,Guitar Man,Soft Rock,1972-10-01
David Gates,1940-12-11,Lost Without Your Love,Soft Rock,1977-01-01
Michael Botts,1944-12-08,Lost Without Your Love,Soft Rock,1977-01-01
Larry Knechtel,1940-08-04,Lost Without Your Love,Soft Rock,1977-01-01
Robb Royer,1942-12-06,Lost Without Your Love,Soft Rock,1977-01-01
Conor Oberst,1980-02-15,A Collection Of Songs Written And Recorded 1995-1997,Indie Rock,1998-01-01
Nathaniel Walcott,1978-03-06,A Collection Of Songs Written And Recorded 1995-1997,Indie Rock,1998-01-01
Maria Taylor,1976-05-21,A Collection Of Songs Written And Recorded 1995-1997,Indie Rock,1998-01-01
Nate Walcott,1978-03-06,A Collection Of Songs Written And Recorded 1995-1997,Indie Rock,1998-01-01
Conor Oberst,1980-02-15,Letting Off The Happiness,Indie Rock,1998-09-02
Nathaniel Walcott,1978-03-06,Letting Off The Happiness,Indie Rock,1998-09-02
Maria Taylor,1976-05-21,Letting Off The Happiness,Indie Rock,1998-09-02
Nate Walcott,1978-03-06,Letting Off The Happiness,Indie Rock,1998-09-02
Conor Oberst,1980-02-15,Every Day And Every Night,Indie Rock,1999-11-01
Nathaniel Walcott,1978-03-06,Every Day And Every Night,Indie Rock,1999-11-01
Maria Taylor,1976-05-21,Every Day And Every Night,Indie Rock,1999-11-01
Nate Walcott,1978-03-06,Every Day And Every Night,Indie Rock,1999-11-01
Conor Oberst,1980-02-15,Fevers And Mirrors,Indie Rock,2000-05-30
Nathaniel Walcott,1978-03-06,Fevers And Mirrors,Indie Rock,2000-05-30
Maria Taylor,1976-05-21,Fevers And Mirrors,Indie Rock,2000-05-30
Nate Walcott,1978-03-06,Fevers And Mirrors,Indie Rock,2000-05-30
Conor Oberst,1980-02-15,Don't Be Frightened Of Turning The Page,Indie Rock,2000-09-21
Nathaniel Walcott,1978-03-06,Don't Be Frightened Of Turning The Page,Indie Rock,2000-09-21
Maria Taylor,1976-05-21,Don't Be Frightened Of Turning The Page,Indie Rock,2000-09-21
Nate Walcott,1978-03-06,Don't Be Frightened Of Turning The Page,Indie Rock,2000-09-21
Conor Oberst,1980-02-15,There Is No Beginning To The Story,Indie Rock,2002-05-06
Nathaniel Walcott,1978-03-06,There Is No Beginning To The Story,Indie Rock,2002-05-06
Maria Taylor,1976-05-21,There Is No Beginning To The Story,Indie Rock,2002-05-06
Nate Walcott,1978-03-06,There Is No Beginning To The Story,Indie Rock,2002-05-06
Conor Oberst,1980-02-15,"Lifted Or The Story Is In The Soil, Keep Your Ear To The Ground",Indie Rock,2000-05-30
Nathaniel Walcott,1978-03-06,"Lifted Or The Story Is In The Soil, Keep Your Ear To The Ground",Indie Rock,2000-05-30
Maria Taylor,1976-05-21,"Lifted Or The Story Is In The Soil, Keep Your Ear To The Ground",Indie Rock,2000-05-30
Nate Walcott,1978-03-06,"Lifted Or The Story Is In The Soil, Keep Your Ear To The Ground",Indie Rock,2000-05-30
Conor Oberst,1980-02-15,A Christmas Album,Indie Rock,2002-12-01
Nathaniel Walcott,1978-03-06,A Christmas Album,Indie Rock,2002-12-01
Maria Taylor,1976-05-21,A Christmas Album,Indie Rock,2002-12-01
Nate Walcott,1978-03-06,A Christmas Album,Indie Rock,2002-12-01
Conor Oberst,1980-02-15,Digital Ash In A Digital Urn,Indie Rock,2005-01-24
Nathaniel Walcott,1978-03-06,Digital Ash In A Digital Urn,Indie Rock,2005-01-24
Maria Taylor,1976-05-21,Digital Ash In A Digital Urn,Indie Rock,2005-01-24
Nate Walcott,1978-03-06,Digital Ash In A Digital Urn,Indie Rock,2005-01-24
Conor Oberst,1980-02-15,"I'm Wide Awake, It's Morning",Indie Rock,2005-01-24
Nathaniel Walcott,1978-03-06,"I'm Wide Awake, It's Morning",Indie Rock,2005-01-24
Maria Taylor,1976-05-21,"I'm Wide Awake, It's Morning",Indie Rock,2005-01-24
Nate Walcott,1978-03-06,"I'm Wide Awake, It's Morning",Indie Rock,2005-01-24
Conor Oberst,1980-02-15,Motion Sickness: Live Recordings,Indie Rock,2005-11-15
Nathaniel Walcott,1978-03-06,Motion Sickness: Live Recordings,Indie Rock,2005-11-15
Maria Taylor,1976-05-21,Motion Sickness: Live Recordings,Indie Rock,2005-11-15
Nate Walcott,1978-03-06,Motion Sickness: Live Recordings,Indie Rock,2005-11-15
Conor Oberst,1980-02-15,Noise Floor (Rarities: 1998-2005),Indie Rock,2006-10-24
Nathaniel Walcott,1978-03-06,Noise Floor (Rarities: 1998-2005),Indie Rock,2006-10-24
Maria Taylor,1976-05-21,Noise Floor (Rarities: 1998-2005),Indie Rock,2006-10-24
Nate Walcott,1978-03-06,Noise Floor (Rarities: 1998-2005),Indie Rock,2006-10-24
Conor Oberst,1980-02-15,Four Winds,Indie Rock,2007-04-02
Nathaniel Walcott,1978-03-06,Four Winds,Indie Rock,2007-04-02
Maria Taylor,1976-05-21,Four Winds,Indie Rock,2007-04-02
Nate Walcott,1978-03-06,Four Winds,Indie Rock,2007-04-02
Conor Oberst,1980-02-15,Cassadaga,Indie Rock,2007-04-09
Nathaniel Walcott,1978-03-06,Cassadaga,Indie Rock,2007-04-09
Maria Taylor,1976-05-21,Cassadaga,Indie Rock,2007-04-09
Nate Walcott,1978-03-06,Cassadaga,Indie Rock,2007-04-09
Conor Oberst,1980-02-15,The People's Key,Indie Rock,2011-02-11
Nathaniel Walcott,1978-03-06,The People's Key,Indie Rock,2011-02-11
Maria Taylor,1976-05-21,The People's Key,Indie Rock,2011-02-11
Nate Walcott,1978-03-06,The People's Key,Indie Rock,2011-02-11
Jimmy Cauty,1956-12-19,Kiss The Lips Of Life,Rock,1986-01-01
Andy Anderson,1951-01-30,Kiss The Lips Of Life,Rock,1986-01-01
Martin Glover,1960-12-27,Kiss The Lips Of Life,Rock,1986-01-01
Eamon Hamilton,1974-01-01,Remember Me,Indie Rock,2001-12-03
Phil Sumner,1990-01-01,Remember Me,Indie Rock,2001-12-03
Eamon Hamilton,1974-01-01,The Decline Of British Sea Power,Indie Rock,2003-06-02
Phil Sumner,1990-01-01,The Decline Of British Sea Power,Indie Rock,2003-06-02
Eamon Hamilton,1974-01-01,The Spirit Of St. Louis,Indie Rock,2004-07-22
Phil Sumner,1990-01-01,The Spirit Of St. Louis,Indie Rock,2004-07-22
Eamon Hamilton,1974-01-01,Open Season,Indie Rock,2005-04-04
Phil Sumner,1990-01-01,Open Season,Indie Rock,2005-04-04
Eamon Hamilton,1974-01-01,Do You Like Rock Music?,Indie Rock,2008-01-14
Phil Sumner,1990-01-01,Do You Like Rock Music?,Indie Rock,2008-01-14
Eamon Hamilton,1974-01-01,Valhalla Dancehall,Indie Rock,2011-01-10
Phil Sumner,1990-01-01,Valhalla Dancehall,Indie Rock,2011-01-10
Michael Kelly Smith,1958-01-01,Britny Fox,Glam Metal,2007-01-01
Michael Kelly Smith,1958-01-01,Britny Fox,Glam Metal,2007-01-01
Greg D’Angelo,1963-12-18,Britny Fox,Glam Metal,2007-01-01
Michael Kelly Smith,1958-01-01,Boys In Heat,Glam Metal,1989-10-01
Michael Kelly Smith,1958-01-01,Boys In Heat,Glam Metal,1989-10-01
Greg D’Angelo,1963-12-18,Boys In Heat,Glam Metal,1989-10-01
Michael Kelly Smith,1958-01-01,Bite Down Hard,Glam Metal,1991-10-29
Michael Kelly Smith,1958-01-01,Bite Down Hard,Glam Metal,1991-10-29
Greg D’Angelo,1963-12-18,Bite Down Hard,Glam Metal,1991-10-29
Michael Kelly Smith,1958-01-01,Springhead Motorshark,Hard Rock,2003-07-29
Michael Kelly Smith,1958-01-01,Springhead Motorshark,Hard Rock,2003-07-29
Greg D’Angelo,1963-12-18,Springhead Motorshark,Hard Rock,2003-07-29
Håkan Hellström,1974-04-02,When We Were Winning,Rock,2003-09-17
Anders Göthberg,1975-10-09,When We Were Winning,Rock,2003-09-17
DM & Jemini,1977-07-29,Broken Bells,Indie Rock,2010-03-05
Danger Mouse,1977-07-29,Broken Bells,Indie Rock,2010-03-05
DM & Jemini,1977-07-29,After The Disco,Indie Rock,2014-01-30
Danger Mouse,1977-07-29,After The Disco,Indie Rock,2014-01-30
Matt Goss,1968-09-28,Push,Dance-Pop,1988-01-01
Craig Logan,1969-04-22,Push,Dance-Pop,1988-01-01
Luke Goss,1968-09-29,Push,Dance-Pop,1988-01-01
Matt Goss,1968-09-28,The Time,Dance-Pop,2010-01-01
Craig Logan,1969-04-22,The Time,Dance-Pop,2010-01-01
Luke Goss,1968-09-29,The Time,Dance-Pop,2010-01-01
Matt Goss,1968-09-28,Changing Faces,Dance-Pop,1991-01-01
Craig Logan,1969-04-22,Changing Faces,Dance-Pop,1991-01-01
Luke Goss,1968-09-29,Changing Faces,Dance-Pop,1991-01-01
Ronnie Dunn,1953-06-01,Brand New Man,Country,1991-08-13
Kix Brooks,1955-05-12,Brand New Man,Country,1991-08-13
Ronnie Dunn,1953-06-01,Hard Workin' Man,Country,1993-02-23
Kix Brooks,1955-05-12,Hard Workin' Man,Country,1993-02-23
Ronnie Dunn,1953-06-01,Waitin' On Sundown,Country,1994-09-27
Kix Brooks,1955-05-12,Waitin' On Sundown,Country,1994-09-27
Ronnie Dunn,1953-06-01,Borderline,Country,1996-04-16
Kix Brooks,1955-05-12,Borderline,Country,1996-04-16
Ronnie Dunn,1953-06-01,The Greatest Hits Collection,Country,2004-10-19
Kix Brooks,1955-05-12,The Greatest Hits Collection,Country,2004-10-19
Ronnie Dunn,1953-06-01,If You See Her,Country,1998-06-02
Kix Brooks,1955-05-12,If You See Her,Country,1998-06-02
Ronnie Dunn,1953-06-01,Tight Rope,Country,1999-09-14
Kix Brooks,1955-05-12,Tight Rope,Country,1999-09-14
Ronnie Dunn,1953-06-01,Steers & Stripes,Country,2001-04-17
Kix Brooks,1955-05-12,Steers & Stripes,Country,2001-04-17
Ronnie Dunn,1953-06-01,Red Dirt Road,Country,2003-07-15
Kix Brooks,1955-05-12,Red Dirt Road,Country,2003-07-15
Ronnie Dunn,1953-06-01,The Greatest Hits Collection II,Country,2004-01-01
Kix Brooks,1955-05-12,The Greatest Hits Collection II,Country,2004-01-01
Ronnie Dunn,1953-06-01,Hillbilly Deluxe,Country,2005-08-30
Kix Brooks,1955-05-12,Hillbilly Deluxe,Country,2005-08-30
Ronnie Dunn,1953-06-01,Cowboy Town,Country,2007-10-02
Kix Brooks,1955-05-12,Cowboy Town,Country,2007-10-02
Ronnie Dunn,1953-06-01,Number 1s... And Then Some,Country,2009-09-08
Kix Brooks,1955-05-12,Number 1s... And Then Some,Country,2009-09-08
Billy Ray Cyrus,1961-08-25,Brother Clyde,Alternative Rock,2010-08-10
Samantha Maloney,1975-12-11,Brother Clyde,Alternative Rock,2010-08-10
Nathan Moore,1965-01-10,Get Even,Electronic,1988-01-01
Eg White,1966-11-22,Get Even,Electronic,1988-01-01
Tony Burrows,1942-04-14,United We Stand,Pop,1970-01-01
Sandra Stevens,1949-11-23,United We Stand,Pop,1970-01-01
Nicky Stevens,1951-12-03,United We Stand,Pop,1970-01-01
Lee Sheriden,1949-04-11,United We Stand,Pop,1970-01-01
Martin Lee,1949-11-26,United We Stand,Pop,1970-01-01
Tony Burrows,1942-04-14,Love And Kisses From Brotherhood Of Man,Pop,1976-01-01
Sandra Stevens,1949-11-23,Love And Kisses From Brotherhood Of Man,Pop,1976-01-01
Nicky Stevens,1951-12-03,Love And Kisses From Brotherhood Of Man,Pop,1976-01-01
Lee Sheriden,1949-04-11,Love And Kisses From Brotherhood Of Man,Pop,1976-01-01
Martin Lee,1949-11-26,Love And Kisses From Brotherhood Of Man,Pop,1976-01-01
Tony Burrows,1942-04-14,B For Brotherhood,Pop,1978-01-01
Sandra Stevens,1949-11-23,B For Brotherhood,Pop,1978-01-01
Nicky Stevens,1951-12-03,B For Brotherhood,Pop,1978-01-01
Lee Sheriden,1949-04-11,B For Brotherhood,Pop,1978-01-01
Martin Lee,1949-11-26,B For Brotherhood,Pop,1978-01-01
Tony Burrows,1942-04-14,Higher Than High,Pop,1979-01-01
Sandra Stevens,1949-11-23,Higher Than High,Pop,1979-01-01
Nicky Stevens,1951-12-03,Higher Than High,Pop,1979-01-01
Lee Sheriden,1949-04-11,Higher Than High,Pop,1979-01-01
Martin Lee,1949-11-26,Higher Than High,Pop,1979-01-01
Cub Koda,1948-10-01,Yeah!,Rock,2005-04-19
Bruce Nazarian,1949-01-01,Yeah!,Rock,2005-04-19
Allan Holdsworth,1946-08-06,Feels Good To Me,Jazz Fusion,1978-08-01
Bill Bruford,1949-05-17,Feels Good To Me,Jazz Fusion,1978-08-01
Allan Holdsworth,1946-08-06,One Of A Kind,Jazz Fusion,1979-01-01
Bill Bruford,1949-05-17,One Of A Kind,Jazz Fusion,1979-01-01
Allan Holdsworth,1946-08-06,Gradually Going Tornado,Jazz Fusion,1980-01-01
Bill Bruford,1949-05-17,Gradually Going Tornado,Jazz Fusion,1980-01-01
Josh Todd,1971-04-04,Buckcherry,Hard Rock,1999-04-06
Kelly LeMieux,1967-04-07,Buckcherry,Hard Rock,1999-04-06
Josh Todd,1971-04-04,Time Bomb,Hard Rock,2001-01-01
Kelly LeMieux,1967-04-07,Time Bomb,Hard Rock,2001-01-01
Josh Todd,1971-04-04,15,Hard Rock,2006-11-29
Kelly LeMieux,1967-04-07,15,Hard Rock,2006-11-29
Josh Todd,1971-04-04,Black Butterfly,Hard Rock,2008-09-16
Kelly LeMieux,1967-04-07,Black Butterfly,Hard Rock,2008-09-16
Josh Todd,1971-04-04,All Night Long,Hard Rock,2010-08-03
Kelly LeMieux,1967-04-07,All Night Long,Hard Rock,2010-08-03
今井寿,1965-10-21,悪の華,Rock,1990-02-01
櫻井敦司,1966-03-07,悪の華,Rock,1990-02-01
今井寿,1965-10-21,狂った太陽,Rock,2007-09-05
櫻井敦司,1966-03-07,狂った太陽,Rock,2007-09-05
今井寿,1965-10-21,十三階は月光,Gothic Rock,2005-04-06
櫻井敦司,1966-03-07,十三階は月光,Gothic Rock,2005-04-06
